,1V,,2V,,3V,,4V,,5V,,6V,gatevoltage,DC0.4,DC0.6,DC0.8,time,1V,2V,3V,4V,5V,6V,
1E-8,2.156484507E-12,1E-8,2.156484507E-12,1E-8,2.156484507E-12,1E-8,2.156484507E-12,1E-8,2.156484507E-12,1E-8,2.156484507E-12,2,196.31,161.5,143.94,0.012,3.917629301E-9,6.720962971E-8,1.043126437E-7,1.296581735E-7,1.424929649E-7,1.49952E-7,
3E-8,2.156484483E-12,3E-8,2.156484483E-12,3E-8,2.156484483E-12,3E-8,2.156484483E-12,3E-8,2.156484483E-12,3E-8,2.156484483E-12,3,151.14,131.36,126.02,0.017,2.533143351E-8,1.028819254E-7,1.365195035E-7,1.498984541E-7,1.576585011E-7,1.632541928E-7,
7E-8,2.156484469E-12,7E-8,2.156484469E-12,7E-8,2.156484469E-12,7E-8,2.156484469E-12,7E-8,2.156484469E-12,7E-8,2.156484469E-12,4,131.45,124.09,121.04,0.022,4.545717685E-8,1.180544954E-7,1.453316658E-7,1.568535774E-7,1.643402025E-7,1.697550088E-7,
1.5E-7,2.156484463E-12,1.5E-7,2.156484463E-12,1.5E-7,2.156484463E-12,1.5E-7,2.156484463E-12,1.5E-7,2.156484463E-12,1.5E-7,2.156484463E-12,5,124.98,120.93,118.51,0.027,5.554587391E-8,1.249533584E-7,1.497268912E-7,1.604907461E-7,1.686853344E-7,1.74045974E-7,
3.1E-7,2.156484482E-12,3.1E-7,2.156484482E-12,3.1E-7,2.156484482E-12,3.1E-7,2.156484482E-12,3.1E-7,2.156484482E-12,3.1E-7,2.156484482E-12,6,123.66,118.96,116.7,0.032,6.032490618E-8,1.285160117E-7,1.52565432E-7,1.644025824E-7,1.717691722E-7,1.77057986E-7,
6.3E-7,2.156484488E-12,6.3E-7,2.156484488E-12,6.3E-7,2.156484488E-12,6.3E-7,2.156484488E-12,6.3E-7,2.156484488E-12,6.3E-7,2.156484488E-12,,,,,0.037,6.270992063E-8,1.304393391E-7,1.547771688E-7,1.668339031E-7,1.743839535E-7,1.794693877E-7,
1.27E-6,2.156484486E-12,1.27E-6,2.156484486E-12,1.27E-6,2.156484486E-12,1.27E-6,2.156484486E-12,1.27E-6,2.156484486E-12,1.27E-6,2.156484486E-12,,,,,0.042,6.395153517E-8,1.315627986E-7,1.564559525E-7,1.688132462E-7,1.764162181E-7,1.814811576E-7,
2.55E-6,2.156484487E-12,2.55E-6,2.156484487E-12,2.55E-6,2.156484487E-12,2.55E-6,2.156484487E-12,2.55E-6,2.156484487E-12,2.55E-6,2.156484487E-12,,,,,0.047,6.461537698E-8,1.322533948E-7,1.577528078E-7,1.703807182E-7,1.781180886E-7,1.8323965E-7,
5.11E-6,2.156484487E-12,5.11E-6,2.156484487E-12,5.11E-6,2.156484487E-12,5.11E-6,2.156484487E-12,5.11E-6,2.156484487E-12,5.11E-6,2.156484487E-12,,,,,0.06,2.840851198E-11,7.133265442E-10,6.562516993E-8,1.464498882E-7,1.640822298E-7,1.725908332E-7,
1.023E-5,2.156484487E-12,1.023E-5,2.156484487E-12,1.023E-5,2.156484487E-12,1.023E-5,2.156484487E-12,1.023E-5,2.156484487E-12,1.023E-5,2.156484487E-12,,,,,,,,,,,,
2.047E-5,2.156484487E-12,2.047E-5,2.156484487E-12,2.047E-5,2.156484487E-12,2.047E-5,2.156484487E-12,2.047E-5,2.156484487E-12,2.047E-5,2.156484487E-12,,,,,,,,,,,,
4.095E-5,2.156484487E-12,4.095E-5,2.156484487E-12,4.095E-5,2.156484487E-12,4.095E-5,2.156484487E-12,4.095E-5,2.156484487E-12,4.095E-5,2.156484487E-12,,,,,,,,,,,,
8.191E-5,2.156484487E-12,8.191E-5,2.156484487E-12,8.191E-5,2.156484487E-12,8.191E-5,2.156484487E-12,8.191E-5,2.156484487E-12,8.191E-5,2.156484487E-12,,,,,,,,,,,,
1.6383E-4,2.156484487E-12,1.6383E-4,2.156484487E-12,1.6383E-4,2.156484487E-12,1.6383E-4,2.156484487E-12,1.6383E-4,2.156484487E-12,1.6383E-4,2.156484487E-12,,,,,,,,,,,,
3.2767E-4,2.156484487E-12,3.2767E-4,2.156484487E-12,3.2767E-4,2.156484487E-12,3.2767E-4,2.156484487E-12,3.2767E-4,2.156484487E-12,3.2767E-4,2.156484487E-12,,,,,,,,,,,,
6.5535E-4,2.156484487E-12,6.5535E-4,2.156484487E-12,6.5535E-4,2.156484487E-12,6.5535E-4,2.156484487E-12,6.5535E-4,2.156484487E-12,6.5535E-4,2.156484487E-12,,,,,,,,,,,,
0.00131071,2.156484487E-12,0.00131071,2.156484487E-12,0.00131071,2.156484487E-12,0.00131071,2.156484487E-12,0.00131071,2.156484487E-12,0.00131071,2.156484487E-12,,,,,,,,,,,,
0.00262143,2.156484487E-12,0.00262143,2.156484487E-12,0.00262143,2.156484487E-12,0.00262143,2.156484487E-12,0.00262143,2.156484487E-12,0.00262143,2.156484487E-12,,,,,,,,,,,,
0.00524287,2.156484487E-12,0.00524287,2.156484487E-12,0.00524287,2.156484487E-12,0.00524287,2.156484487E-12,0.00524287,2.156484487E-12,0.00524287,2.156484487E-12,,,,,,,,,,,,
0.01,2.156484487E-12,0.01,2.156484487E-12,0.01,2.156484487E-12,0.01,2.156484487E-12,0.01,2.156484487E-12,0.01,2.156484487E-12,,,,,,,,,,,,
0.01000001,-9.605513085E-11,0.01000001,-1.943054016E-10,0.01000001,-2.925942193E-10,0.01000001,-3.909214767E-10,0.01000001,-4.892870674E-10,0.01000001,-5.876908862E-10,,,,,,,,,,,,
0.01000003,-9.462693793E-11,0.01000003,-1.915157294E-10,0.01000003,-2.885090814E-10,0.01000003,-3.856062003E-10,0.01000003,-4.828063074E-10,0.01000003,-5.801086385E-10,,,,,,,,,,,,
0.01000007,-9.387312995E-11,0.01000007,-1.901081641E-10,0.01000007,-2.865449993E-10,0.01000007,-3.831801254E-10,0.01000007,-4.800101383E-10,0.01000007,-5.77031736E-10,,,,,,,,,,,,
0.01000015,-9.414671109E-11,0.01000015,-1.908005475E-10,0.01000015,-2.877895593E-10,0.01000015,-3.850988785E-10,0.01000015,-4.827141684E-10,0.01000015,-5.806214674E-10,,,,,,,,,,,,
0.01000031,-9.468955106E-11,0.01000031,-1.920145065E-10,0.01000031,-2.897508516E-10,0.01000031,-3.878308878E-10,0.01000031,-4.861848038E-10,0.01000031,-5.847392128E-10,,,,,,,,,,,,
0.01000063,-9.455849411E-11,0.01000063,-1.915368476E-10,0.01000063,-2.883769422E-10,0.01000063,-3.845644036E-10,0.01000063,-4.794176564E-10,0.01000063,-5.720191891E-10,,,,,,,,,,,,
0.01000127,4.340221795E-11,0.01000127,8.797303512E-11,0.01000127,1.374281804E-10,0.01000127,1.945910496E-10,0.01000127,2.642615871E-10,0.01000127,3.542645642E-10,,,,,,,,,,,,
0.01000255,3.744929338E-12,0.01000255,7.398810053E-12,0.01000255,1.485200538E-11,0.01000255,2.905632783E-11,0.01000255,5.495029939E-11,0.01000255,1.005925453E-10,,,,,,,,,,,,
0.01000511,3.603506376E-12,0.01000511,7.151446368E-12,0.01000511,1.451202552E-11,0.01000511,2.867063136E-11,0.01000511,5.47140747E-11,0.01000511,1.010817973E-10,,,,,,,,,,,,
0.01001023,3.609765409E-12,0.01001023,7.188880793E-12,0.01001023,1.471302949E-11,0.01001023,2.942079261E-11,0.01001023,5.695931281E-11,0.01001023,1.06921624E-10,,,,,,,,,,,,
0.01002047,3.727869453E-12,0.01002047,7.683911947E-12,0.01002047,1.623857429E-11,0.01002047,3.349770433E-11,0.01002047,6.69155712E-11,0.01002047,1.29635825E-10,,,,,,,,,,,,
0.01004095,4.102808349E-12,0.01004095,9.260946595E-12,0.01004095,2.112985136E-11,0.01004095,4.673140425E-11,0.01004095,9.977965655E-11,0.01004095,2.059381601E-10,,,,,,,,,,,,
0.01008191,5.056472421E-12,0.01008191,1.376321821E-11,0.01008191,3.67474086E-11,0.01008191,9.37841711E-11,0.01008191,2.286276941E-10,0.01008191,5.289243678E-10,,,,,,,,,,,,
0.01016383,7.607111231E-12,0.01016383,2.935099982E-11,0.01016383,1.059854964E-10,0.01016383,3.537326455E-10,0.01016383,1.058775978E-9,0.01016383,2.712333829E-9,,,,,,,,,,,,
0.01032767,1.622330353E-11,0.01032767,1.175922037E-10,0.01032767,7.13039836E-10,0.01032767,3.143406485E-9,0.01032767,9.646390848E-9,0.01032767,2.31682917E-8,,,,,,,,,,,,
0.01065535,6.346834111E-11,0.01065535,1.26960681E-9,0.01065535,1.011810818E-8,0.010579223601,2.522418343E-8,0.01065535,6.747813964E-8,0.01065535,8.426114445E-8,,,,,,,,,,,,
0.01131071,6.503248198E-10,0.011232294637,1.718478446E-8,0.01131071,7.315236821E-8,0.011075830609,8.415421324E-8,0.01131071,1.189638005E-7,0.011115397619,1.23012351E-7,,,,,,,,,,,,
0.012,3.871279154E-9,0.012,6.721749453E-8,0.012,1.041387636E-7,0.011788522674,1.21950769E-7,0.011762860391,1.364943189E-7,0.011264606564,1.307894388E-7,,,,,,,,,,,,
0.01200001,3.949044941E-9,0.01200001,6.734339289E-8,0.01200001,1.04434788E-7,0.012,1.291011403E-7,0.012,1.416466478E-7,0.011319969463,1.330745616E-7,,,,,,,,,,,,
0.01200003,3.917629301E-9,0.01200003,6.720962971E-8,0.01200003,1.043126437E-7,0.01200001,1.296581735E-7,0.01200001,1.424929649E-7,0.011347176522,1.341001757E-7,,,,,,,,,,,,
0.01200007,3.85923169E-9,0.01200007,6.691971022E-8,0.01200007,1.040771383E-7,0.01200003,1.295425214E-7,0.01200003,1.423810379E-7,0.011365215278,1.347485037E-7,,,,,,,,,,,,
0.01200015,3.744899187E-9,0.01200015,6.633066595E-8,0.01200015,1.036016161E-7,0.01200007,1.293655714E-7,0.01200007,1.422819318E-7,0.011375449544,1.351057865E-7,,,,,,,,,,,,
0.01200031,3.523824721E-9,0.01200031,6.510772793E-8,0.01200031,1.026413265E-7,0.01200015,1.289970124E-7,0.01200015,1.420550558E-7,0.0113900347,1.356023972E-7,,,,,,,,,,,,
0.01200063,3.110004629E-9,0.01200063,6.249113052E-8,0.01200063,1.006882951E-7,0.01200031,1.282425685E-7,0.01200031,1.41596405E-7,0.011419205012,1.365539489E-7,,,,,,,,,,,,
0.01200127,2.553397852E-9,0.01200127,5.888342249E-8,0.01200127,9.789914353E-8,0.01200063,1.266526467E-7,0.01200063,1.40636526E-7,0.011440164269,1.372057694E-7,,,,,,,,,,,,
0.01200255,2.598832598E-9,0.01200255,5.89593896E-8,0.01200255,9.801355656E-8,0.01200127,1.238987646E-7,0.01200127,1.383180725E-7,0.011453155143,1.37597314E-7,,,,,,,,,,,,
0.01200511,2.609241341E-9,0.01200511,5.894123722E-8,0.01200511,9.797092873E-8,0.01200255,1.241136417E-7,0.01200255,1.386382087E-7,0.011470565338,1.381079266E-7,,,,,,,,,,,,
0.01201023,2.616642426E-9,0.01201023,5.8880058E-8,0.01201023,9.789465598E-8,0.01200511,1.240901878E-7,0.01200511,1.386239419E-7,0.011502928988,1.390169143E-7,,,,,,,,,,,,
0.01202047,2.612179391E-9,0.01202047,5.872379004E-8,0.01202047,9.775683464E-8,0.01201023,1.240409297E-7,0.01201023,1.38595199E-7,0.011526132773,1.396388643E-7,,,,,,,,,,,,
0.01204095,2.583761863E-9,0.01204095,5.837914857E-8,0.01204095,9.75009858E-8,0.01202047,1.239388444E-7,0.01202047,1.385360465E-7,0.011540660009,1.400164869E-7,,,,,,,,,,,,
0.01208191,2.51274013E-9,0.01208191,5.766566256E-8,0.01208191,9.701220509E-8,0.01204095,1.237345121E-7,0.01204095,1.384206552E-7,0.011560115796,1.40508832E-7,,,,,,,,,,,,
0.01216383,2.36729974E-9,0.01216383,5.621169585E-8,0.01216383,9.605871374E-8,0.01208191,1.233294943E-7,0.01208191,1.381969012E-7,0.011595584194,1.41369528E-7,,,,,,,,,,,,
0.01232767,2.097012134E-9,0.01232767,5.322092051E-8,0.01232767,9.417891795E-8,0.012156305061,1.225929813E-7,0.01216383,1.37751786E-7,0.011621068067,1.419607159E-7,,,,,,,,,,,,
0.012516878951,1.822189813E-9,0.012529653151,4.940180773E-8,0.01265535,9.047306403E-8,0.012198817823,1.221682306E-7,0.012286396392,1.370697958E-7,0.011637116455,1.423221436E-7,,,,,,,,,,,,
0.012673567168,1.622066407E-9,0.012933619454,4.154274902E-8,0.01331071,8.317580094E-8,0.012221273802,1.21942401E-7,0.012361326071,1.366406806E-7,0.011658551838,1.427925099E-7,,,,,,,,,,,,
0.012908056002,1.363297626E-9,0.013741552058,2.68180496E-8,0.01462143,6.711741827E-8,0.012256488443,1.215861658E-7,0.012405455908,1.363834068E-7,0.011697236684,1.436078404E-7,,,,,,,,,,,,
0.013122995132,1.163339541E-9,0.015,1.164221119E-8,0.015,6.129894946E-8,0.012326917726,1.208660138E-7,0.012469872798,1.360016496E-7,0.01172820394,1.44231703E-7,,,,,,,,,,,,
0.013552873392,8.500140362E-10,0.01500001,1.15240676E-8,0.01500001,6.113561576E-8,0.012422083432,1.198770327E-7,0.012584938256,1.353007483E-7,0.011746849817,1.445958479E-7,,,,,,,,,,,,
0.014412629911,4.640635779E-10,0.01500003,1.166135762E-8,0.01500003,6.137826002E-8,0.012612414846,1.17847803E-7,0.012655912887,1.348557879E-7,0.011768166571,1.450021485E-7,,,,,,,,,,,,
0.015,3.142518118E-10,0.01500007,1.192750531E-8,0.01500007,6.188800359E-8,0.012993077672,1.136143698E-7,0.012695278944,1.346046858E-7,0.011808590494,1.457450668E-7,,,,,,,,,,,,
0.01500001,2.200554577E-10,0.01500015,1.24715737E-8,0.01500015,6.28838385E-8,0.013754403325,1.047226571E-7,0.01274939168,1.342543773E-7,0.011843723506,1.463634602E-7,,,,,,,,,,,,
0.01500003,2.249027865E-10,0.01500031,1.360833884E-8,0.01500031,6.479344811E-8,0.014392536544,9.724313257E-8,0.012853962269,1.335600323E-7,0.01186544132,1.467338941E-7,,,,,,,,,,,,
0.01500007,2.329586726E-10,0.01500063,1.607780228E-8,0.01500063,6.827949449E-8,0.015,9.033483949E-8,0.012917194346,1.331286809E-7,0.011888399946,1.471161945E-7,,,,,,,,,,,,
0.01500015,2.485348561E-10,0.01500127,1.954641295E-8,0.01500127,7.231911266E-8,0.01500001,8.998729771E-8,0.012951096883,1.328937375E-7,0.011929891763,1.477842297E-7,,,,,,,,,,,,
0.01500031,2.817178103E-10,0.01500255,1.953026286E-8,0.01500255,7.227858152E-8,0.01500003,9.01554967E-8,0.012997910142,1.325650313E-7,0.011969086252,1.483899992E-7,,,,,,,,,,,,
0.01500063,3.571537027E-10,0.01500511,1.965504126E-8,0.01500511,7.244344781E-8,0.01500007,9.050090183E-8,0.013091536659,1.318923562E-7,0.011994430111,1.487694804E-7,,,,,,,,,,,,
0.01500127,5.943507947E-10,0.01501023,1.99325181E-8,0.01501023,7.276590175E-8,0.01500015,9.119016785E-8,0.013148062652,1.314761556E-7,0.012,1.488516485E-7,,,,,,,,,,,,
0.01500255,5.536076267E-10,0.01502047,2.053263744E-8,0.01502047,7.339427239E-8,0.01500031,9.255957311E-8,0.013178122059,1.31251678E-7,0.01200001,1.499520627E-7,,,,,,,,,,,,
0.01500511,5.526394112E-10,0.01504095,2.180335666E-8,0.01504095,7.460758962E-8,0.01500063,9.525882485E-8,0.013219930326,1.309357822E-7,0.01200003,1.49818049E-7,,,,,,,,,,,,
0.01501023,5.554034733E-10,0.01508191,2.449667619E-8,0.01508191,7.690041007E-8,0.01500127,9.899034696E-8,0.01330354686,1.302909816E-7,0.01200007,1.497516048E-7,,,,,,,,,,,,
0.01502047,5.679899489E-10,0.015116444955,2.688802472E-8,0.015154016421,8.062167165E-8,0.01500255,9.889753508E-8,0.013355651118,1.298803026E-7,0.01200015,1.495749301E-7,,,,,,,,,,,,
0.01504095,6.016285977E-10,0.015137990187,2.842589108E-8,0.015298229263,8.735148229E-8,0.01500511,9.907205441E-8,0.013383900582,1.296547659E-7,0.01200031,1.492221827E-7,,,,,,,,,,,,
0.01508191,6.810301085E-10,0.015163077757,3.025372601E-8,0.015586654946,9.948277488E-8,0.01501023,9.939973602E-8,0.013422599252,1.293425037E-7,0.01200063,1.484913722E-7,,,,,,,,,,,,
0.01516383,8.721320401E-10,0.015212205819,3.391977274E-8,0.015971518848,1.136107262E-7,0.01502047,1.000202612E-7,0.013499996594,1.287064802E-7,0.01200127,1.46152577E-7,,,,,,,,,,,,
0.015323686404,1.375375531E-9,0.015293200404,4.007120379E-8,0.016416547665,1.260024913E-7,0.01504095,1.012126332E-7,0.013548856834,1.282970461E-7,0.01200255,1.465636335E-7,,,,,,,,,,,,
0.015643399212,3.030557199E-9,0.015455189574,5.181935865E-8,0.017,1.362095122E-7,0.01508191,1.035199106E-7,0.013575595124,1.280703912E-7,0.01200511,1.465505384E-7,,,,,,,,,,,,
0.016282824827,9.925018816E-9,0.015779167913,6.926240752E-8,0.01700001,1.366787278E-7,0.01516383,1.079359694E-7,0.013612292122,1.277563325E-7,0.01201023,1.465280465E-7,,,,,,,,,,,,
0.016837017374,2.109391514E-8,0.016427124592,8.915612595E-8,0.01700003,1.366066905E-7,0.01532767,1.159490323E-7,0.013685686117,1.271178853E-7,0.01202047,1.46485539E-7,,,,,,,,,,,,
0.017,2.528836813E-8,0.017,1.026880887E-7,0.01700007,1.365195035E-7,0.015496218554,1.229254243E-7,0.013732617514,1.267024542E-7,0.01204095,1.464067662E-7,,,,,,,,,,,,
0.01700001,2.533143351E-8,0.01700001,1.028819254E-7,0.01700015,1.363320396E-7,0.015616323046,1.270914361E-7,0.013758539066,1.264706159E-7,0.01208191,1.462578337E-7,,,,,,,,,,,,
0.01700003,2.522467861E-8,0.01700003,1.027999987E-7,0.01700031,1.359529888E-7,0.015730817105,1.304720232E-7,0.013794133809,1.261495166E-7,0.01216383,1.459651836E-7,,,,,,,,,,,,
0.01700007,2.501685984E-8,0.01700007,1.026408008E-7,0.01700063,1.351665929E-7,0.015959805225,1.35823909E-7,0.013865323296,1.254978808E-7,0.01232767,1.453703476E-7,,,,,,,,,,,,
0.01700015,2.460052703E-8,0.01700015,1.023199363E-7,0.01700127,1.335623315E-7,0.016340290592,1.420816595E-7,0.013911281328,1.250706035E-7,0.012558777731,1.444998484E-7,,,,,,,,,,,,
0.01700031,2.377250124E-8,0.01700031,1.016737114E-7,0.01700255,1.337410495E-7,0.016838565158,1.477071215E-7,0.01393684498,1.248307248E-7,0.013020993193,1.42634683E-7,,,,,,,,,,,,
0.01700063,2.215069191E-8,0.01700063,1.003659123E-7,0.01700511,1.337247161E-7,0.017,1.491626506E-7,0.013971991442,1.244983748E-7,0.013945424118,1.382624863E-7,,,,,,,,,,,,
0.01700127,2.021140335E-8,0.01700127,9.85069793E-8,0.01701023,1.336904393E-7,0.01700001,1.498984541E-7,0.014042284366,1.238249529E-7,0.015,1.316855337E-7,,,,,,,,,,,,
0.01700255,2.024526679E-8,0.01700255,9.857806087E-8,0.01702047,1.33619078E-7,0.01700003,1.498091155E-7,0.014087954433,1.233813084E-7,0.01500001,1.308131836E-7,,,,,,,,,,,,
0.01700511,2.023058075E-8,0.01700511,9.85391298E-8,0.01704095,1.334763579E-7,0.01700007,1.497662459E-7,0.014113475987,1.231313308E-7,0.01500003,1.309728998E-7,,,,,,,,,,,,
0.01701023,2.018300514E-8,0.01701023,9.846773752E-8,0.01708191,1.331933271E-7,0.01700015,1.496513564E-7,0.01414861264,1.227847986E-7,0.01500007,1.311975515E-7,,,,,,,,,,,,
0.01702047,2.006370737E-8,0.01702047,9.833548956E-8,0.01716383,1.326230122E-7,0.01700031,1.494233347E-7,0.014218885944,1.220836374E-7,0.01500015,1.316562141E-7,,,,,,,,,,,,
0.01704095,1.980457315E-8,0.01704095,9.808500964E-8,0.017238002941,1.320950298E-7,0.01700063,1.489563298E-7,0.014264711638,1.216207292E-7,0.01500031,1.325364292E-7,,,,,,,,,,,,
0.01708191,1.928044426E-8,0.01708191,9.760016878E-8,0.017281131343,1.317820632E-7,0.01700127,1.474245536E-7,0.014290379756,1.21359531E-7,0.01500063,1.341740127E-7,,,,,,,,,,,,
0.01716383,1.826124886E-8,0.01716383,9.664767261E-8,0.017320155247,1.314949827E-7,0.01700255,1.476991376E-7,0.014325766041,1.209972325E-7,0.01500127,1.372193665E-7,,,,,,,,,,,,
0.017304325958,1.661940268E-8,0.01732767,9.47643199E-8,0.017388021494,1.309867557E-7,0.01700511,1.476879414E-7,0.01439653861,1.202651397E-7,0.01500255,1.368773611E-7,,,,,,,,,,,,
0.01738761648,1.570818084E-8,0.01765535,9.104932238E-8,0.017456457021,1.304625694E-7,0.01701023,1.47668121E-7,0.014493520059,1.192463244E-7,0.01500511,1.369544956E-7,,,,,,,,,,,,
0.017433434569,1.522608854E-8,0.01831071,8.374737313E-8,0.017498985008,1.301308368E-7,0.01702047,1.476302206E-7,0.014687482957,1.171584893E-7,0.01501023,1.371113146E-7,,,,,,,,,,,,
0.017502353088,1.452599397E-8,0.01962143,6.785122919E-8,0.017535380902,1.298432655E-7,0.01704095,1.475585271E-7,0.015,1.136729439E-7,0.01502047,1.374265737E-7,,,,,,,,,,,,
0.017640190126,1.321323337E-8,0.02,6.213501022E-8,0.017592879428,1.293820226E-7,0.01708191,1.474206351E-7,0.01500001,1.131253304E-7,0.01504095,1.38039083E-7,,,,,,,,,,,,
0.017725222936,1.245913893E-8,0.02000001,6.202424443E-8,0.01765764878,1.288522363E-7,0.01716383,1.471477371E-7,0.01500003,1.133153351E-7,0.015074239858,1.389814308E-7,,,,,,,,,,,,
0.017771458623,1.20662198E-8,0.02000003,6.218215328E-8,0.017700323973,1.284972396E-7,0.01732767,1.465929978E-7,0.01500007,1.136628675E-7,0.015095921101,1.395645021E-7,,,,,,,,,,,,
0.017838247536,1.151921144E-8,0.02000007,6.251623686E-8,0.017734937128,1.282058459E-7,0.01744075576,1.462006856E-7,0.01500015,1.143559295E-7,0.015109333798,1.399144857E-7,,,,,,,,,,,,
0.017971825363,1.049497577E-8,0.02000015,6.317385484E-8,0.017785128013,1.277778108E-7,0.017506930546,1.459673684E-7,0.01500031,1.157153437E-7,0.01512943054,1.404246919E-7,,,,,,,,,,,,
0.018060958151,9.860527477E-9,0.02000031,6.445507136E-8,0.017847410928,1.272376339E-7,0.017591277531,1.456658696E-7,0.01500063,1.183247635E-7,0.01516604047,1.413139553E-7,,,,,,,,,,,,
0.018111792489,9.515319768E-9,0.02000063,6.686795117E-8,0.0178906419,1.268568534E-7,0.017749572894,1.450871404E-7,0.01500127,1.221089818E-7,0.015190919536,1.418912098E-7,,,,,,,,,,,,
0.018181287705,9.062113732E-9,0.02000127,6.974370864E-8,0.017921065846,1.265860278E-7,0.017856087938,1.446878077E-7,0.01500255,1.219093012E-7,0.015206112259,1.422337699E-7,,,,,,,,,,,,
0.018320278138,8.217160934E-9,0.02000255,6.971249848E-8,0.017964364005,1.261965692E-7,0.017918263864,1.444508559E-7,0.01500511,1.220473777E-7,0.015227439647,1.427026571E-7,,,,,,,,,,,,
0.018413728571,7.692252496E-9,0.02000511,6.981527437E-8,0.018028929985,1.256071063E-7,0.017999772358,1.441357782E-7,0.01501023,1.223172845E-7,0.015267204628,1.435419842E-7,,,,,,,,,,,,
0.018467375636,7.405660189E-9,0.02001023,7.002147705E-8,0.018073670594,1.251926069E-7,0.018152759438,1.435301785E-7,0.01502047,1.228431505E-7,0.015294710028,1.440979212E-7,,,,,,,,,,,,
0.018541237928,7.027831643E-9,0.02002047,7.043178102E-8,0.018102081097,1.249268669E-7,0.018253711905,1.431198936E-7,0.01504095,1.238552045E-7,0.015311579463,1.444295994E-7,,,,,,,,,,,,
0.018688962513,6.326987174E-9,0.02004095,7.123639218E-8,0.01814070123,1.245625154E-7,0.018312007048,1.428789317E-7,0.015071698048,1.252969191E-7,0.015334733134,1.448739446E-7,,,,,,,,,,,,
0.018789611453,5.888462389E-9,0.02008191,7.27786689E-8,0.018207122507,1.239276169E-7,0.018389641692,1.425532697E-7,0.015133194144,1.279418961E-7,0.015377661972,1.456665117E-7,,,,,,,,,,,,
0.018847926435,5.647881677E-9,0.02016383,7.563770318E-8,0.018252706512,1.234859601E-7,0.018536948605,1.419197386E-7,0.015256186336,1.324052537E-7,0.015407701871,1.46198611E-7,,,,,,,,,,,,
0.018928205972,5.332042292E-9,0.02032767,8.072315713E-8,0.018279999433,1.232192542E-7,0.018632570442,1.414969915E-7,0.015501537853,1.389300242E-7,0.015426276886,1.465189506E-7,,,,,,,,,,,,
0.019088765044,4.75032484E-9,0.02065535,8.95498964E-8,0.018316540147,1.228595606E-7,0.018687166498,1.412513662E-7,0.015848852418,1.451785377E-7,0.015451470092,1.469433539E-7,,,,,,,,,,,,
0.019199348781,4.385532514E-9,0.02131071,1.048111193E-7,0.018384738389,1.221803836E-7,0.018760718487,1.409153918E-7,0.016253980301,1.502749476E-7,0.015497671839,1.476932955E-7,,,,,,,,,,,,
0.019263891071,4.185172153E-9,0.022,1.178204153E-7,0.018430659326,1.217174357E-7,0.018901893576,1.402534985E-7,0.016855214316,1.55641172E-7,0.015530320417,1.482025535E-7,,,,,,,,,,,,
0.019352740325,3.923635931E-9,0.02200001,1.180544954E-7,0.01845725933,1.214472469E-7,0.018992231059,1.398175995E-7,0.017,1.566896241E-7,0.015550682803,1.48512022E-7,,,,,,,,,,,,
0.019530438832,3.446756102E-9,0.02200003,1.179817862E-7,0.018493191303,1.210799571E-7,0.019043277548,1.395668195E-7,0.01700001,1.576585011E-7,0.015578082266,1.489190373E-7,,,,,,,,,,,,
0.019774485433,2.881758941E-9,0.02200007,1.178526721E-7,0.018563351435,1.203553202E-7,0.019112664373,1.392205758E-7,0.01700003,1.575444489E-7,0.015627811222,1.496317424E-7,,,,,,,,,,,,
0.02,2.440126629E-9,0.02200015,1.175906182E-7,0.018657552072,1.193674247E-7,0.01924711324,1.385313017E-7,0.01700007,1.575185886E-7,0.015663277902,1.50120846E-7,,,,,,,,,,,,
0.02000001,2.357949964E-9,0.02200031,1.170615695E-7,0.018845953345,1.173438246E-7,0.019331950107,1.380832635E-7,0.01700015,1.574260835E-7,0.015685584087,1.504207542E-7,,,,,,,,,,,,
0.02000003,2.381034539E-9,0.02200063,1.159829588E-7,0.019222755892,1.13133833E-7,0.019379368543,1.378282108E-7,0.01700031,1.572452314E-7,0.015715426936,1.50813124E-7,,,,,,,,,,,,
0.02000007,2.424188174E-9,0.02200127,1.143442277E-7,0.019976360985,1.043301191E-7,0.019444175052,1.374740779E-7,0.01700063,1.568762978E-7,0.015769108212,1.514947644E-7,,,,,,,,,,,,
0.02000015,2.511316567E-9,0.02200255,1.144298696E-7,0.02,1.040513455E-7,0.019570593508,1.367640217E-7,0.01700127,1.551745712E-7,0.015807730262,1.519671639E-7,,,,,,,,,,,,
0.02000031,2.691520298E-9,0.02200511,1.143966317E-7,0.02000001,1.037609517E-7,0.019648913304,1.363107371E-7,0.01700255,1.5553379E-7,0.015832213704,1.522592702E-7,,,,,,,,,,,,
0.02000063,3.077414976E-9,0.02201023,1.143328752E-7,0.02000003,1.038829087E-7,0.019691969187,1.360569927E-7,0.01700511,1.555248823E-7,0.015864821987,1.526398553E-7,,,,,,,,,,,,
0.02000127,3.695164778E-9,0.02202047,1.142097468E-7,0.02000007,1.041203747E-7,0.019750915675,1.357041957E-7,0.01701023,1.555107925E-7,0.0159230217,1.532964183E-7,,,,,,,,,,,,
0.02000255,3.655640356E-9,0.02204095,1.139702072E-7,0.02000015,1.045955003E-7,0.019866943388,1.349908338E-7,0.01702047,1.554848036E-7,0.015969922217,1.538056636E-7,,,,,,,,,,,,
0.02000511,3.658757772E-9,0.02208191,1.134990432E-7,0.02000031,1.055400799E-7,0.019937061998,1.345470499E-7,0.01704095,1.554363423E-7,0.015998422416,1.541069827E-7,,,,,,,,,,,,
0.02001023,3.679151778E-9,0.02216383,1.125606307E-7,0.02000063,1.074022693E-7,0.019974685729,1.34304844E-7,0.01708191,1.553434506E-7,0.016030921196,1.544434272E-7,,,,,,,,,,,,
0.02002047,3.741411524E-9,0.022260740902,1.114448238E-7,0.02000127,1.100298935E-7,0.02,1.341402425E-7,0.01716383,1.551605908E-7,0.016091873996,1.550549656E-7,,,,,,,,,,,,
0.02004095,3.891062576E-9,0.022454562705,1.091893921E-7,0.02000255,1.099383451E-7,0.02000001,1.335346355E-7,0.01732767,1.547938826E-7,0.016145472535,1.555730064E-7,,,,,,,,,,,,
0.02008191,4.222634354E-9,0.022842206312,1.046225966E-7,0.02000511,1.100438893E-7,0.02000003,1.336346641E-7,0.01765535,1.540454125E-7,0.016178965218,1.558879189E-7,,,,,,,,,,,,
0.02016383,4.958427364E-9,0.023617493525,9.556689127E-8,0.02001023,1.102434867E-7,0.02000007,1.337649725E-7,0.01831071,1.524669727E-7,0.016214258286,1.562127916E-7,,,,,,,,,,,,
0.020280358824,6.157707445E-9,0.024444875104,8.626513517E-8,0.02002047,1.106232016E-7,0.02000015,1.340363615E-7,0.01962143,1.488778169E-7,0.016277349416,1.567766392E-7,,,,,,,,,,,,
0.020513416471,9.137517716E-9,0.024827681981,8.201299862E-8,0.02004095,1.113522741E-7,0.02000031,1.345640839E-7,0.019810715,1.482999904E-7,0.016337784408,1.57297632E-7,,,,,,,,,,,,
0.020979531765,1.777256813E-8,0.025,8.007629979E-8,0.02008191,1.127565588E-7,0.02000063,1.355733448E-7,0.019931163063,1.47923046E-7,0.016377282157,1.576286303E-7,,,,,,,,,,,,
0.021911762353,4.299904298E-8,0.02500001,7.992083821E-8,0.02016383,1.154288024E-7,0.02000127,1.375618345E-7,0.019995329544,1.477191677E-7,0.016416369344,1.57949165E-7,,,,,,,,,,,,
0.022,4.541580873E-8,0.02500003,8.001223667E-8,0.02032767,1.203020836E-7,0.020002535696,1.37328825E-7,0.02,1.477042431E-7,0.016481386799,1.58467643E-7,,,,,,,,,,,,
0.02200001,4.545717685E-8,0.02500007,8.020935563E-8,0.02065535,1.282385929E-7,0.020005067087,1.37374359E-7,0.02000001,1.467965311E-7,0.016548980722,1.589883378E-7,,,,,,,,,,,,
0.02200003,4.534435412E-8,0.02500015,8.060090725E-8,0.02131071,1.383738095E-7,0.020010129869,1.374668386E-7,0.02000003,1.469072332E-7,0.016595205571,1.593343004E-7,,,,,,,,,,,,
0.02200007,4.511698797E-8,0.02500031,8.137695561E-8,0.021537545145,1.4079794E-7,0.020020255434,1.376535032E-7,0.02000007,1.469668391E-7,0.016638539583,1.596515417E-7,,,,,,,,,,,,
0.02200015,4.465783354E-8,0.02500063,8.289774528E-8,0.021626826635,1.416570877E-7,0.020040506564,1.380193457E-7,0.02000015,1.471194017E-7,0.016705472301,1.601287331E-7,,,,,,,,,,,,
0.02200031,4.372784759E-8,0.02500127,8.493054058E-8,0.021677367626,1.421230045E-7,0.020081008824,1.38719953E-7,0.02000031,1.474156309E-7,0.016780200547,1.606441594E-7,,,,,,,,,,,,
0.02200063,4.184279645E-8,0.02500255,8.488329531E-8,0.021703046503,1.423544262E-7,0.020124118679,1.394288936E-7,0.02000063,1.479944196E-7,0.016833412539,1.610006718E-7,,,,,,,,,,,,
0.02200127,3.948976195E-8,0.02500511,8.496062663E-8,0.021743386307,1.4271107E-7,0.020152372973,1.398760734E-7,0.02000127,1.498715894E-7,0.016881216088,1.613138724E-7,,,,,,,,,,,,
0.02200255,3.951542006E-8,0.02501023,8.51087436E-8,0.021824065913,1.434003711E-7,0.020177825432,1.402681618E-7,0.02000255,1.495347333E-7,0.016950311971,1.61755304E-7,,,,,,,,,,,,
0.02200511,3.948268044E-8,0.02502047,8.539444067E-8,0.021888758275,1.439314613E-7,0.02021883766,1.4088004E-7,0.02000511,1.495668497E-7,0.017,1.620648836E-7,,,,,,,,,,,,
0.02201023,3.940053326E-8,0.02504095,8.595061662E-8,0.021926726815,1.442347572E-7,0.02026610468,1.415570353E-7,0.02001023,1.496279089E-7,0.01700001,1.632541928E-7,,,,,,,,,,,,
0.02202047,3.921466562E-8,0.02508191,8.703701434E-8,0.021969235779,1.445672988E-7,0.020299343173,1.4201635E-7,0.02002047,1.497474537E-7,0.01700003,1.631168807E-7,,,,,,,,,,,,
0.02204095,3.882485107E-8,0.02516383,8.915102393E-8,0.022,1.448035024E-7,0.020328312191,1.424060906E-7,0.02004095,1.499790029E-7,0.01700007,1.631008821E-7,,,,,,,,,,,,
0.02208191,3.803829335E-8,0.02532767,9.321946033E-8,0.02200001,1.453316658E-7,0.0203704154,1.429559688E-7,0.02008191,1.504248239E-7,0.01700015,1.630187108E-7,,,,,,,,,,,,
0.02216383,3.647788182E-8,0.02565535,1.008729016E-7,0.02200003,1.452652507E-7,0.020421704519,1.436009783E-7,0.020147317223,1.511058827E-7,0.01700031,1.62860114E-7,,,,,,,,,,,,
0.02232767,3.342841099E-8,0.02631071,1.141697164E-7,0.02200007,1.452190557E-7,0.020463737718,1.441106174E-7,0.020189873166,1.515324893E-7,0.01700063,1.625372721E-7,,,,,,,,,,,,
0.02265535,2.77024582E-8,0.027,1.247581593E-7,0.02200015,1.451075835E-7,0.020497921021,1.445132557E-7,0.020216338122,1.51791861E-7,0.01700127,1.606139427E-7,,,,,,,,,,,,
0.02331071,1.825487374E-8,0.02700001,1.250178674E-7,0.02200031,1.448851979E-7,0.020538136886,1.449741115E-7,0.020255688121,1.52169557E-7,0.01700255,1.610540795E-7,,,,,,,,,,,,
0.02462143,7.356838703E-9,0.02700003,1.249533584E-7,0.02200063,1.444300087E-7,0.020591374565,1.455640719E-7,0.020326325719,1.528250686E-7,0.01700511,1.610465392E-7,,,,,,,,,,,,
0.025,5.617930182E-9,0.02700007,1.248471908E-7,0.02200127,1.431779769E-7,0.020640983133,1.46094473E-7,0.020374512864,1.532566879E-7,0.01701023,1.610354951E-7,,,,,,,,,,,,
0.02500001,5.545808443E-9,0.02700015,1.246296198E-7,0.02200255,1.433759428E-7,0.020681240241,1.465120083E-7,0.020404166216,1.535163757E-7,0.01702047,1.6101515E-7,,,,,,,,,,,,
0.02500003,5.587210426E-9,0.02700031,1.241897761E-7,0.02200511,1.433639063E-7,0.020722386915,1.469274878E-7,0.020445537531,1.538714689E-7,0.01704095,1.609769811E-7,,,,,,,,,,,,
0.02500007,5.66583137E-9,0.02700063,1.232884048E-7,0.02201023,1.433409309E-7,0.020775553671,1.474483602E-7,0.020521712695,1.545044239E-7,0.01708191,1.609035446E-7,,,,,,,,,,,,
0.02500015,5.824604105E-9,0.02700127,1.218286067E-7,0.02202047,1.432954293E-7,0.020831263434,1.479759423E-7,0.020574853039,1.549308915E-7,0.01716383,1.607598324E-7,,,,,,,,,,,,
0.02500031,6.150465926E-9,0.02700255,1.219255121E-7,0.02204095,1.43207242E-7,0.020878810788,1.484123601E-7,0.02060776988,1.55189175E-7,0.01732767,1.604765062E-7,,,,,,,,,,,,
0.02500063,6.83770271E-9,0.02700511,1.218990129E-7,0.02208191,1.430353508E-7,0.02092320357,1.488089235E-7,0.020652691846,1.555347031E-7,0.017651408182,1.599196966E-7,,,,,,,,,,,,
0.02500127,7.821583354E-9,0.02701023,1.21845784E-7,0.02216383,1.426928526E-7,0.020975927667,1.492669449E-7,0.020735039375,1.561483086E-7,0.018298884547,1.587812364E-7,,,,,,,,,,,,
0.02500255,7.787693449E-9,0.02702047,1.217389987E-7,0.022327211018,1.419939192E-7,0.021036083795,1.497732754E-7,0.020793348367,1.565681943E-7,0.019593837276,1.563139362E-7,,,,,,,,,,,,
0.02500511,7.801798996E-9,0.02704095,1.215267935E-7,0.022417275442,1.415973326E-7,0.021091382259,1.502243076E-7,0.020829808631,1.568249263E-7,0.02,1.554741823E-7,,,,,,,,,,,,
0.02501023,7.84667588E-9,0.02708191,1.21104843E-7,0.022463530521,1.413903538E-7,0.021140920001,1.506172702E-7,0.020878974513,1.571643365E-7,0.02000001,1.543192631E-7,,,,,,,,,,,,
0.02502047,7.961646878E-9,0.027156558031,1.203331466E-7,0.022535348031,1.410644337E-7,0.021194501665,1.510311225E-7,0.020968171076,1.577611993E-7,0.02000003,1.544554246E-7,,,,,,,,,,,,
0.02504095,8.221390273E-9,0.027238881328,1.194717699E-7,0.022678983051,1.403953233E-7,0.021257528143,1.515038187E-7,0.021032015078,1.5817431E-7,0.02000007,1.544902271E-7,,,,,,,,,,,,
0.02508191,8.780471839E-9,0.027403527922,1.177124047E-7,0.022769293688,1.399622547E-7,0.021320236597,1.519598285E-7,0.021072256519,1.584289745E-7,0.02000015,1.546071452E-7,,,,,,,,,,,,
0.02515952807,9.925367165E-9,0.027732821111,1.140627096E-7,0.022819444008,1.397174555E-7,0.021376655674,1.523585764E-7,0.02112604526,1.587627568E-7,0.02000031,1.548320455E-7,,,,,,,,,,,,
0.025258190063,1.152793332E-8,0.028391407487,1.064146788E-7,0.022888420431,1.393755554E-7,0.021433242551,1.527481079E-7,0.021222639551,1.593441167E-7,0.02000063,1.552746217E-7,,,,,,,,,,,,
0.02545551405,1.523652431E-8,0.02878487894,1.017764825E-7,0.023024985673,1.386800735E-7,0.021498394135,1.531843518E-7,0.021300032675,1.597941553E-7,0.02000127,1.572979171E-7,,,,,,,,,,,,
0.025850162023,2.457427259E-8,0.028937696808,9.99862977E-8,0.02310977454,1.382352292E-7,0.02156769608,1.536347662E-7,0.021346714327,1.600592033E-7,0.02000255,1.568731863E-7,,,,,,,,,,,,
0.026639457968,4.662588141E-8,0.029243332543,9.644295239E-8,0.023156557192,1.379853057E-7,0.021632281323,1.540425719E-7,0.021399932218,1.603557383E-7,0.02000511,1.568994395E-7,,,,,,,,,,,,
0.027,5.549718808E-8,0.029854604014,8.952641696E-8,0.023221350171,1.376337253E-7,0.021694107914,1.544227185E-7,0.021500268567,1.608992929E-7,0.02001023,1.569475337E-7,,,,,,,,,,,,
0.02700001,5.554587391E-8,0.03,8.79093556E-8,0.023349787023,1.369173212E-7,0.02176185851,1.54828369E-7,0.021587772768,1.613576809E-7,0.02002047,1.570408817E-7,,,,,,,,,,,,
0.02700003,5.545007743E-8,0.03000001,8.773935715E-8,0.023428308054,1.364659639E-7,0.02183675546,1.552642092E-7,0.021641882109,1.616342299E-7,0.02004095,1.572219346E-7,,,,,,,,,,,,
0.02700007,5.52512053E-8,0.03000003,8.78242812E-8,0.023471056467,1.362157796E-7,0.021910045355,1.55678578E-7,0.021698727663,1.61919329E-7,0.02008191,1.5757296E-7,,,,,,,,,,,,
0.02700015,5.484953554E-8,0.03000007,8.800097431E-8,0.023530295639,1.358637263E-7,0.021979123013,1.560587366E-7,0.021800955829,1.624186553E-7,0.02016383,1.582474403E-7,,,,,,,,,,,,
0.02700031,5.403052633E-8,0.03000015,8.835404473E-8,0.023648350728,1.351428659E-7,0.022,1.561717231E-7,0.021897908132,1.62877154E-7,0.020275360472,1.591185883E-7,,,,,,,,,,,,
0.02700063,5.234572056E-8,0.03000031,8.905813012E-8,0.023718916089,1.346992078E-7,0.02200001,1.569447244E-7,0.021960410577,1.631653695E-7,0.020498421417,1.607243413E-7,,,,,,,,,,,,
0.02700127,5.017976661E-8,0.03000063,9.045480071E-8,0.023756490968,1.344589195E-7,0.02200003,1.568535774E-7,0.022,1.633450557E-7,0.020944543307,1.635041546E-7,,,,,,,,,,,,
0.02700255,5.020510841E-8,0.03000127,9.23764859E-8,0.023808811075,1.34119531E-7,0.02200007,1.568317317E-7,0.02200001,1.643402025E-7,0.021836787087,1.678731832E-7,,,,,,,,,,,,
0.02700511,5.017099452E-8,0.03000255,9.232517568E-8,0.023913451288,1.334234644E-7,0.02200015,1.567556069E-7,0.02200003,1.642258826E-7,0.022,1.685470414E-7,,,,,,,,,,,,
0.02701023,5.008816395E-8,0.03000511,9.239865829E-8,0.023976215235,1.32994533E-7,0.02200031,1.566068431E-7,0.02200007,1.642149013E-7,0.02200001,1.697550088E-7,,,,,,,,,,,,
0.02702047,4.990303957E-8,0.03001023,9.253747212E-8,0.02400949981,1.327634895E-7,0.02200063,1.563042486E-7,0.02200015,1.641510751E-7,0.02200003,1.696206423E-7,,,,,,,,,,,,
0.02704095,4.9514976E-8,0.03002047,9.280209113E-8,0.024055646427,1.324389891E-7,0.02200127,1.549366316E-7,0.02200031,1.640284607E-7,0.02200007,1.696167257E-7,,,,,,,,,,,,
0.02708191,4.872663732E-8,0.03004095,9.331387962E-8,0.024147939659,1.317751267E-7,0.02200255,1.552230433E-7,0.02200063,1.63779641E-7,0.02200015,1.69558442E-7,,,,,,,,,,,,
0.02716383,4.713931814E-8,0.03008191,9.431320563E-8,0.024204466273,1.313585305E-7,0.02200511,1.552147333E-7,0.02200127,1.621976824E-7,0.02200031,1.694480702E-7,,,,,,,,,,,,
0.02732767,4.394447367E-8,0.03016383,9.626717566E-8,0.024234779568,1.31131937E-7,0.02201023,1.55201101E-7,0.02200255,1.62565692E-7,0.02200063,1.692242505E-7,,,,,,,,,,,,
0.027556565997,3.948935336E-8,0.03032767,1.000525085E-7,0.024276450357,1.308167724E-7,0.02202047,1.551756228E-7,0.02200511,1.625592149E-7,0.02200127,1.673993518E-7,,,,,,,,,,,,
0.028014357991,3.09695301E-8,0.03065535,1.071490099E-7,0.024359791934,1.301735317E-7,0.02204095,1.551275676E-7,0.02201023,1.625495111E-7,0.02200255,1.678465556E-7,,,,,,,,,,,,
0.028929941978,1.741982191E-8,0.031296685361,1.188521462E-7,0.024411714372,1.297639819E-7,0.02208191,1.550347777E-7,0.02202047,1.625313748E-7,0.02200511,1.678407907E-7,,,,,,,,,,,,
0.03,8.301183262E-9,0.032,1.282414041E-7,0.024439867684,1.295390652E-7,0.02216383,1.548513864E-7,0.02204095,1.624969138E-7,0.02201023,1.678327164E-7,,,,,,,,,,,,
0.03000001,8.235455962E-9,0.03200001,1.285160117E-7,0.024478501767,1.292271398E-7,0.02232767,1.544824775E-7,0.02208191,1.624301022E-7,0.02202047,1.678174341E-7,,,,,,,,,,,,
0.03000003,8.28967214E-9,0.03200003,1.284567863E-7,0.024555769933,1.285918704E-7,0.022524326331,1.54032177E-7,0.02216383,1.622989289E-7,0.02204095,1.677880896E-7,,,,,,,,,,,,
0.03000007,8.393456532E-9,0.03200007,1.283648002E-7,0.024604630316,1.281822836E-7,0.022649808842,1.537399261E-7,0.02232767,1.620399076E-7,0.02208191,1.677310843E-7,,,,,,,,,,,,
0.03000015,8.60317928E-9,0.03200015,1.281747356E-7,0.024631400388,1.279552881E-7,0.022736550182,1.535355097E-7,0.02265535,1.615237952E-7,0.02216383,1.676202331E-7,,,,,,,,,,,,
0.03000031,9.032919239E-9,0.03200031,1.277903628E-7,0.024668135634,1.276408173E-7,0.022871129286,1.532143028E-7,0.02331071,1.604688459E-7,0.022313500347,1.674244952E-7,,,,,,,,,,,,
0.03000063,9.935365938E-9,0.03200063,1.27000395E-7,0.024741606127,1.270015853E-7,0.023069280508,1.52731946E-7,0.02462143,1.581987545E-7,0.022499696559,1.671888031E-7,,,,,,,,,,,,
0.03000127,1.118274983E-8,0.03200127,1.256555189E-7,0.024788631442,1.26585282E-7,0.023200529873,1.524059582E-7,0.025,1.574941185E-7,0.022872088981,1.667285033E-7,,,,,,,,,,,,
0.03000255,1.115391381E-8,0.03200255,1.25758421E-7,0.02481462408,1.263527961E-7,0.023282446862,1.521997635E-7,0.02500001,1.565214027E-7,0.023564414143,1.658712212E-7,,,,,,,,,,,,
0.03000511,1.117755629E-8,0.03200511,1.25735246E-7,0.024850323513,1.260307478E-7,0.02339642818,1.519092427E-7,0.02500003,1.566353393E-7,0.02488105695,1.641578776E-7,,,,,,,,,,,,
0.03001023,1.124167165E-8,0.03201023,1.256878713E-7,0.024921722378,1.253772276E-7,0.023591517964,1.514018291E-7,0.02500007,1.566587213E-7,0.025,1.639964219E-7,,,,,,,,,,,,
0.03002047,1.139516914E-8,0.03202047,1.2559151E-7,0.024967840816,1.249485094E-7,0.023721014516,1.510576171E-7,0.02500015,1.567458076E-7,0.02500001,1.628002394E-7,,,,,,,,,,,,
0.03004095,1.173212123E-8,0.03204095,1.253987824E-7,0.024993504812,1.247077264E-7,0.023797618747,1.508511023E-7,0.02500031,1.56913106E-7,0.02500003,1.629370539E-7,,,,,,,,,,,,
0.03008191,1.244689545E-8,0.03208191,1.250143031E-7,0.025,1.246465392E-7,0.02390058306,1.505700264E-7,0.02500063,1.572440851E-7,0.02500007,1.629487978E-7,,,,,,,,,,,,
0.030162024913,1.394049262E-8,0.032156349674,1.243105413E-7,0.02500001,1.242582704E-7,0.024090197665,1.500415088E-7,0.02500127,1.588967178E-7,0.02500015,1.63022129E-7,,,,,,,,,,,,
0.030210360805,1.489697979E-8,0.03219920033,1.239004815E-7,0.02500003,1.243550421E-7,0.024214649416,1.496866035E-7,0.02500255,1.585392778E-7,0.02500031,1.631611676E-7,,,,,,,,,,,,
0.03023775289,1.545707341E-8,0.032221955692,1.236810549E-7,0.02500007,1.245133761E-7,0.024286468242,1.494787841E-7,0.02500511,1.585583299E-7,0.02500063,1.634372223E-7,,,,,,,,,,,,
0.030279203857,1.632919331E-8,0.03225726915,1.233382127E-7,0.02500015,1.248331744E-7,0.024382939679,1.491960528E-7,0.02501023,1.585928408E-7,0.02500127,1.653067712E-7,,,,,,,,,,,,
0.030361761365,1.81524533E-8,0.032327896064,1.226441052E-7,0.02500031,1.254610363E-7,0.02456643235,1.486465371E-7,0.02502047,1.586597959E-7,0.02500255,1.648674778E-7,,,,,,,,,,,,
0.030415874589,1.940764837E-8,0.032373103018,1.221940156E-7,0.02500063,1.266737168E-7,0.024685190804,1.482823101E-7,0.02504095,1.58789943E-7,0.02500511,1.648837836E-7,,,,,,,,,,,,
0.030448052284,2.017559426E-8,0.032398159592,1.219426319E-7,0.02500127,1.286141845E-7,0.02475273817,1.480720144E-7,0.02508191,1.590435075E-7,0.02501023,1.649126342E-7,,,,,,,,,,,,
0.030494453681,2.131003267E-8,0.03243326871,1.215881355E-7,0.02500255,1.284662702E-7,0.024844273616,1.47783299E-7,0.02516383,1.595350505E-7,0.02502047,1.6496891E-7,,,,,,,,,,,,
0.030584744203,2.360245576E-8,0.032503486946,1.208714134E-7,0.02500511,1.285187389E-7,0.025,1.47281872E-7,0.025252404094,1.600479896E-7,0.02504095,1.650790492E-7,,,,,,,,,,,,
0.030647858985,2.526457769E-8,0.032549456528,1.203967701E-7,0.02501023,1.286244073E-7,0.02500001,1.465586587E-7,0.025310646393,1.603758777E-7,0.02508191,1.652948273E-7,,,,,,,,,,,,
0.030687112703,2.631997082E-8,0.032575259041,1.201285238E-7,0.02502047,1.288358245E-7,0.02500003,1.466471688E-7,0.02536211512,1.606598085E-7,0.02516383,1.657148251E-7,,,,,,,,,,,,
0.030742638869,2.783758462E-8,0.032610796493,1.197569629E-7,0.02504095,1.29250486E-7,0.02500007,1.466966728E-7,0.025443545514,1.610984274E-7,0.025266793567,1.662247832E-7,,,,,,,,,,,,
0.030849015017,3.080970362E-8,0.032681871398,1.190067109E-7,0.02508191,1.300481354E-7,0.02500015,1.468221415E-7,0.025539159476,1.61597778E-7,0.025360953848,1.666756209E-7,,,,,,,,,,,,
0.030998968065,3.508512482E-8,0.032779211223,1.179644548E-7,0.025107694461,1.30531497E-7,0.02500031,1.470664828E-7,0.025606849963,1.619416332E-7,0.025549274412,1.675373687E-7,,,,,,,,,,,,
0.031298874161,4.357322802E-8,0.032973890873,1.158329752E-7,0.025122629261,1.308055121E-7,0.02500063,1.475460286E-7,0.025664913155,1.622305064E-7,0.025925915539,1.69120652E-7,,,,,,,,,,,,
0.031898686353,5.823074845E-8,0.033363250173,1.11415602E-7,0.025144751996,1.312037864E-7,0.02500127,1.490654564E-7,0.02574766885,1.626329474E-7,0.026679197793,1.718288569E-7,,,,,,,,,,,,
0.032,6.027120139E-8,0.034141968772,1.022784167E-7,0.025188688611,1.31969164E-7,0.02500255,1.487968774E-7,0.025849964563,1.63116062E-7,0.027,1.728305756E-7,,,,,,,,,,,,
0.03200001,6.032490618E-8,0.034795991707,9.469954663E-8,0.025218348379,1.324675774E-7,0.02500511,1.488221746E-7,0.025934270925,1.635029085E-7,0.02700001,1.74045974E-7,,,,,,,,,,,,
0.03200003,6.024053664E-8,0.035,9.23885835E-8,0.025236358867,1.327633966E-7,0.02501023,1.488703176E-7,0.026001882269,1.638061132E-7,0.02700003,1.739147025E-7,,,,,,,,,,,,
0.03200007,6.006222662E-8,0.03500001,9.221236116E-8,0.025262117418,1.331778331E-7,0.02502047,1.489646765E-7,0.02608007081,1.641492661E-7,0.02700007,1.73916623E-7,,,,,,,,,,,,
0.03200015,5.970236545E-8,0.03500003,9.2295989E-8,0.025311511593,1.339453848E-7,0.02504095,1.491476559E-7,0.02618455795,1.645958502E-7,0.02700015,1.738700083E-7,,,,,,,,,,,,
0.03200031,5.896717574E-8,0.03500007,9.246684855E-8,0.025346382429,1.3446689E-7,0.02508191,1.495010683E-7,0.026282524967,1.650027006E-7,0.02700031,1.737830639E-7,,,,,,,,,,,,
0.03200063,5.744708925E-8,0.03500015,9.280881192E-8,0.025368220359,1.347853446E-7,0.02516383,1.501783929E-7,0.026361109701,1.653211392E-7,0.02700063,1.736069728E-7,,,,,,,,,,,,
0.03200127,5.546269729E-8,0.03500031,9.349162428E-8,0.025398601675,1.352183996E-7,0.025217423098,1.506048078E-7,0.026440088817,1.656343625E-7,0.02700127,1.718291413E-7,,,,,,,,,,,,
0.03200255,5.548843389E-8,0.03500063,9.48496811E-8,0.025455051491,1.359937951E-7,0.025248814295,1.508491029E-7,0.026542724544,1.660316099E-7,0.02700255,1.722796271E-7,,,,,,,,,,,,
0.03200511,5.545509435E-8,0.03500127,9.673497073E-8,0.025495627644,1.365290879E-7,0.025293484924,1.511901237E-7,0.026651308865,1.664403538E-7,0.02700511,1.722746281E-7,,,,,,,,,,,,
0.03201023,5.53757233E-8,0.03500255,9.668137817E-8,0.025521256456,1.368582375E-7,0.025380409577,1.518326369E-7,0.026742925561,1.66776416E-7,0.02701023,1.722678197E-7,,,,,,,,,,,,
0.03202047,5.519974895E-8,0.03500511,9.675285894E-8,0.025556015319,1.372940959E-7,0.025438711206,1.522488865E-7,0.026826601748,1.670765904E-7,0.02702047,1.722547288E-7,,,,,,,,,,,,
0.03204095,5.48312888E-8,0.03501023,9.688722586E-8,0.025619195536,1.380570186E-7,0.025473534308,1.524921806E-7,0.026926246327,1.674259499E-7,0.02704095,1.722293308E-7,,,,,,,,,,,,
0.03208191,5.408061113E-8,0.03502047,9.714217696E-8,0.025664638629,1.385838831E-7,0.025522164972,1.528255432E-7,0.027,1.676790631E-7,0.02708191,1.72179885E-7,,,,,,,,,,,,
0.03216383,5.255854733E-8,0.03504095,9.763360614E-8,0.025693278612,1.389071074E-7,0.025614873234,1.534413986E-7,0.02700001,1.686853344E-7,0.02716383,1.720843167E-7,,,,,,,,,,,,
0.03232767,4.9450196E-8,0.03508191,9.85915135E-8,0.02573159286,1.393293697E-7,0.025678350158,1.538490186E-7,0.02700003,1.685717179E-7,0.027301837809,1.719305961E-7,,,,,,,,,,,,
0.032535518731,4.54209887E-8,0.03516383,1.004627913E-7,0.025800742506,1.400637895E-7,0.025716898346,1.5409127E-7,0.02700007,1.685673136E-7,0.027537493921,1.716822388E-7,,,,,,,,,,,,
0.032951216194,3.735117078E-8,0.03532767,1.040783243E-7,0.025850458735,1.405712371E-7,0.025769980975,1.544185857E-7,0.02700015,1.685165267E-7,0.02790131689,1.713174629E-7,,,,,,,,,,,,
0.03378261112,2.309337676E-8,0.03565535,1.107843024E-7,0.025881772151,1.408825568E-7,0.02586941429,1.550130868E-7,0.02700031,1.684201783E-7,0.028477472656,1.707519998E-7,,,,,,,,,,,,
0.035,1.0127392E-8,0.036199721967,1.201761841E-7,0.025923459883,1.412875599E-7,0.025938644198,1.554134573E-7,0.02700063,1.682250438E-7,0.029502119251,1.697232427E-7,,,,,,,,,,,,
0.03500001,1.006544673E-8,0.037,1.301559384E-7,0.025998479159,1.41990726E-7,0.025981265232,1.556546976E-7,0.02700127,1.666961437E-7,0.03,1.69205352E-7,,,,,,,,,,,,
0.03500003,1.012762913E-8,0.03700001,1.304393391E-7,0.026052431983,1.424773461E-7,0.026039296428,1.559769962E-7,0.02700255,1.670680349E-7,0.03000001,1.679943562E-7,,,,,,,,,,,,
0.03500007,1.024715941E-8,0.03700003,1.303831569E-7,0.026086441814,1.427763782E-7,0.026146379187,1.565539644E-7,0.02700511,1.670626707E-7,0.03000003,1.681300074E-7,,,,,,,,,,,,
0.03500015,1.048881899E-8,0.03700007,1.30299473E-7,0.026131610249,1.431647402E-7,0.026221933453,1.569479591E-7,0.02701023,1.670548729E-7,0.03000007,1.681329348E-7,,,,,,,,,,,,
0.03500031,1.098365505E-8,0.03700015,1.3012553E-7,0.026212640067,1.438377228E-7,0.026268959975,1.571880011E-7,0.02702047,1.670400713E-7,0.03000015,1.68188923E-7,,,,,,,,,,,,
0.03500063,1.202028598E-8,0.03700031,1.297738984E-7,0.02627094596,1.443043003E-7,0.026332385784,1.575057047E-7,0.02704095,1.670115804E-7,0.03000031,1.682937166E-7,,,,,,,,,,,,
0.03500127,1.343090174E-8,0.03700063,1.290505922E-7,0.026307747221,1.445916193E-7,0.026447933697,1.580675049E-7,0.02708191,1.669560541E-7,0.03000063,1.685024791E-7,,,,,,,,,,,,
0.03500255,1.340529927E-8,0.03700127,1.277758218E-7,0.02635652341,1.449642708E-7,0.026530292246,1.584552812E-7,0.02716383,1.668474186E-7,0.03000127,1.703085498E-7,,,,,,,,,,,,
0.03500511,1.343503371E-8,0.037002489955,1.278826418E-7,0.026443724402,1.456085523E-7,0.026581980369,1.586935453E-7,0.02732767,1.666353017E-7,0.03000255,1.69863322E-7,,,,,,,,,,,,
0.03501023,1.351112098E-8,0.037004929866,1.278622724E-7,0.026513499799,1.461050748E-7,0.026651132081,1.590064067E-7,0.02765535,1.66219871E-7,0.03000511,1.698755713E-7,,,,,,,,,,,,
0.03502047,1.368803275E-8,0.037009809687,1.278204353E-7,0.026555468962,1.463960639E-7,0.026775770329,1.595540563E-7,0.02831071,1.653869885E-7,0.03001023,1.698966999E-7,,,,,,,,,,,,
0.03504095,1.40710624E-8,0.037019569329,1.277347954E-7,0.026603146558,1.467199671E-7,0.026865251659,1.599350356E-7,0.02962143,1.636376308E-7,0.03002047,1.699381338E-7,,,,,,,,,,,,
0.03508191,1.487713295E-8,0.037039088614,1.275630812E-7,0.026693103165,1.473127556E-7,0.026921730732,1.601705213E-7,0.03,1.631059941E-7,0.03004095,1.700196073E-7,,,,,,,,,,,,
0.03516383,1.658664772E-8,0.037078127183,1.272203652E-7,0.026771260529,1.478094574E-7,0.026996778335,1.60477702E-7,0.03000001,1.621117773E-7,0.03008191,1.701797382E-7,,,,,,,,,,,,
0.035215307759,1.772015023E-8,0.037156204321,1.265290886E-7,0.02681945732,1.481077428E-7,0.027,1.604907461E-7,0.03000003,1.622259056E-7,0.03016383,1.704922329E-7,,,,,,,,,,,,
0.035245146078,1.83971753E-8,0.03720026548,1.261332958E-7,0.026870113901,1.484149641E-7,0.02700001,1.612791614E-7,0.03000007,1.622372182E-7,0.030305360662,1.710124026E-7,,,,,,,,,,,,
0.035289407862,1.942767736E-8,0.037222850293,1.259286003E-7,0.026961428697,1.48953266E-7,0.02700003,1.611876204E-7,0.03000015,1.623013271E-7,0.030461337449,1.715610234E-7,,,,,,,,,,,,
0.0353769812,2.155419967E-8,0.03725766243,1.25610634E-7,0.027,1.491749198E-7,0.02700007,1.611744382E-7,0.03000031,1.624232344E-7,0.030773291022,1.725921106E-7,,,,,,,,,,,,
0.035436254103,2.305464181E-8,0.037327286703,1.249657861E-7,0.02700001,1.497268912E-7,0.02700015,1.611148375E-7,0.03000063,1.626655843E-7,0.03139719817,1.744295184E-7,,,,,,,,,,,,
0.035472282158,2.39886196E-8,0.03737336057,1.245325787E-7,0.02700003,1.496599028E-7,0.02700031,1.609996068E-7,0.03000127,1.642356231E-7,0.031938642793,1.758201892E-7,,,,,,,,,,,,
0.035523928999,2.535388117E-8,0.037399362118,1.242858506E-7,0.02700007,1.496278506E-7,0.02700063,1.607659177E-7,0.03000255,1.638704227E-7,0.032,1.759673671E-7,,,,,,,,,,,,
0.035624026306,2.807631283E-8,0.037434417996,1.239506686E-7,0.02700015,1.495419636E-7,0.02700127,1.59466612E-7,0.03000511,1.638842532E-7,0.03200001,1.771915552E-7,,,,,,,,,,,,
0.035704283058,3.031656142E-8,0.037504529753,1.232717139E-7,0.02700031,1.49371945E-7,0.02700255,1.597581476E-7,0.03001023,1.639087112E-7,0.03200003,1.77057986E-7,,,,,,,,,,,,
0.035752984269,3.169397488E-8,0.037550068186,1.228247174E-7,0.02700063,1.490255743E-7,0.02700511,1.597514447E-7,0.03002047,1.639563419E-7,0.03200007,1.770633235E-7,,,,,,,,,,,,
0.03581280364,3.339837018E-8,0.037575517478,1.225728951E-7,0.02700127,1.478827739E-7,0.02701023,1.597408164E-7,0.03004095,1.64049483E-7,0.03200015,1.77023769E-7,,,,,,,,,,,,
0.035932442382,3.682429803E-8,0.037610637849,1.222230425E-7,0.02700255,1.480881892E-7,0.02702047,1.597208795E-7,0.03008191,1.642320894E-7,0.03200031,1.769510082E-7,,,,,,,,,,,,
0.036138157815,4.264582299E-8,0.037680878589,1.215153943E-7,0.02700511,1.480778896E-7,0.02704095,1.596829501E-7,0.03016383,1.645885856E-7,0.03200063,1.768037272E-7,,,,,,,,,,,,
0.036549588681,5.330305118E-8,0.037726741116,1.210477803E-7,0.02701023,1.480592467E-7,0.02708191,1.596092585E-7,0.030293896239,1.651358619E-7,0.03200127,1.750542231E-7,,,,,,,,,,,,
0.037,6.265341668E-8,0.037752447664,1.20783802E-7,0.02702047,1.480232934E-7,0.02716383,1.594636779E-7,0.030434067169,1.657032056E-7,0.03200255,1.755066523E-7,,,,,,,,,,,,
0.03700001,6.270992063E-8,0.03778789367,1.204176464E-7,0.02704095,1.479544639E-7,0.02732767,1.591727861E-7,0.030714409027,1.667763428E-7,0.03200511,1.75502082E-7,,,,,,,,,,,,
0.03700003,6.263163493E-8,0.037858785682,1.196780029E-7,0.02708191,1.478208563E-7,0.02758638167,1.58708823E-7,0.031275092744,1.687112484E-7,0.03201023,1.754959911E-7,,,,,,,,,,,,
0.03700007,6.24646384E-8,0.037955905965,1.186494835E-7,0.02716383,1.475554582E-7,0.027866615024,1.581965899E-7,0.032,1.708700053E-7,0.03202047,1.754841771E-7,,,,,,,,,,,,
0.03700015,6.212780044E-8,0.038150146531,1.165437018E-7,0.02732767,1.470160078E-7,0.028427081732,1.571348597E-7,0.03200001,1.718825303E-7,0.03204095,1.754611484E-7,,,,,,,,,,,,
0.03700031,6.143934831E-8,0.038538627663,1.121693279E-7,0.027444453052,1.46622199E-7,0.029548015147,1.548304513E-7,0.03200003,1.717697033E-7,0.03208191,1.754163246E-7,,,,,,,,,,,,
0.03700063,6.001366258E-8,0.039315589928,1.03074044E-7,0.027513942657,1.463839779E-7,0.03,1.538194584E-7,0.03200007,1.717691722E-7,0.03216383,1.753301442E-7,,,,,,,,,,,,
0.03700127,5.8138167E-8,0.039958307404,9.560680165E-8,0.027599942498,1.460850211E-7,0.03000001,1.530571067E-7,0.03200015,1.717261511E-7,0.03232767,1.751681248E-7,,,,,,,,,,,,
0.03700255,5.81641534E-8,0.04,9.513070074E-8,0.027757968295,1.455233064E-7,0.03000003,1.531475644E-7,0.03200031,1.716453928E-7,0.03265535,1.748705833E-7,,,,,,,,,,,,
0.03700511,5.813141984E-8,0.04000001,9.495102678E-8,0.027867396361,1.451245156E-7,0.03000007,1.531750561E-7,0.03200063,1.714819727E-7,0.033197101911,1.744147892E-7,,,,,,,,,,,,
0.03701023,5.805449176E-8,0.04000003,9.503414608E-8,0.027932575728,1.448829958E-7,0.03000015,1.532610372E-7,0.03200127,1.699842781E-7,0.034053519682,1.737078429E-7,,,,,,,,,,,,
0.03702047,5.788492954E-8,0.04000007,9.520228991E-8,0.028016069924,1.44569113E-7,0.03000031,1.534273856E-7,0.03200255,1.703584119E-7,0.035,1.729011018E-7,,,,,,,,,,,,
0.03704095,5.753043936E-8,0.04000015,9.553898954E-8,0.028169000645,1.439805425E-7,0.03000063,1.537563358E-7,0.03200511,1.70353673E-7,0.03500001,1.716823683E-7,,,,,,,,,,,,
0.03708191,5.680758678E-8,0.04000031,9.621143096E-8,0.028272515152,1.435716439E-7,0.03000127,1.551387714E-7,0.03201023,1.70346941E-7,0.03500003,1.718168306E-7,,,,,,,,,,,,
0.03716383,5.533753579E-8,0.04000063,9.754949594E-8,0.028333461773,1.433267437E-7,0.03000255,1.548579549E-7,0.03202047,1.703340246E-7,0.03500007,1.718148758E-7,,,,,,,,,,,,
0.03732767,5.231492291E-8,0.04000127,9.941461884E-8,0.028413062199,1.430020875E-7,0.03000511,1.548758936E-7,0.03204095,1.703089766E-7,0.03500015,1.718611258E-7,,,,,,,,,,,,
0.037530801744,4.844336231E-8,0.04000255,9.93594028E-8,0.028560649085,1.423851314E-7,0.03001023,1.549087996E-7,0.03208191,1.702600623E-7,0.03500031,1.719466542E-7,,,,,,,,,,,,
0.037937065232,4.052688029E-8,0.04000511,9.942943866E-8,0.028658633037,1.419642141E-7,0.03002047,1.549726137E-7,0.03216383,1.701646963E-7,0.03500063,1.721173626E-7,,,,,,,,,,,,
0.038749592208,2.590128183E-8,0.04001023,9.956082627E-8,0.028715561857,1.41715317E-7,0.03004095,1.550962932E-7,0.03232767,1.699801066E-7,0.03500127,1.738872143E-7,,,,,,,,,,,,
0.04,1.125090933E-8,0.04002047,9.980961193E-8,0.028790963837,1.413805605E-7,0.03008191,1.55336654E-7,0.03265535,1.696234577E-7,0.03500255,1.734386842E-7,,,,,,,,,,,,
0.04000001,1.119110648E-8,0.04004095,1.002882903E-7,0.028932766669,1.407345876E-7,0.03016383,1.558024297E-7,0.033309090794,1.689207513E-7,0.03500511,1.734487167E-7,,,,,,,,,,,,
0.04000003,1.125792474E-8,0.04008191,1.012200158E-7,0.029025329842,1.403007612E-7,0.030258438256,1.563216491E-7,0.034548885657,1.675419004E-7,0.03501023,1.734656133E-7,,,,,,,,,,,,
0.04000007,1.138664645E-8,0.04016383,1.030372308E-7,0.029078445272,1.40047273E-7,0.030321471803,1.566577131E-7,0.035,1.670189053E-7,0.03502047,1.734988551E-7,,,,,,,,,,,,
0.04000015,1.164696162E-8,0.04032767,1.065362627E-7,0.029149587635,1.397023698E-7,0.030374707947,1.569357675E-7,0.03500001,1.660143411E-7,0.03504095,1.735643593E-7,,,,,,,,,,,,
0.04000031,1.217976604E-8,0.04065535,1.129740946E-7,0.029285062374,1.390277717E-7,0.030456112079,1.573512088E-7,0.03500003,1.661278967E-7,0.03508191,1.73693191E-7,,,,,,,,,,,,
0.04000063,1.329419566E-8,0.041177565403,1.215752177E-7,0.029372107765,1.385813717E-7,0.030557623381,1.578536403E-7,0.03500007,1.661331534E-7,0.03516383,1.739445178E-7,,,,,,,,,,,,
0.04000127,1.479864768E-8,0.041375488384,1.243124901E-7,0.029421454556,1.38323587E-7,0.03063923032,1.582456871E-7,0.03500015,1.661854095E-7,0.03532767,1.744271038E-7,,,,,,,,,,,,
0.04000255,1.477490495E-8,0.041470161534,1.255257615E-7,0.029488079134,1.379699367E-7,0.030697534924,1.585196321E-7,0.03500031,1.662838835E-7,0.03554014362,1.750206969E-7,,,,,,,,,,,,
0.04000511,1.480815041E-8,0.041659507836,1.277744779E-7,0.029616157462,1.372712004E-7,0.030770399814,1.588550847E-7,0.03500063,1.664801224E-7,0.03596509086,1.761198064E-7,,,,,,,,,,,,
0.04001023,1.489106251E-8,0.042,1.312740993E-7,0.029696944195,1.368170565E-7,0.030882897431,1.593586483E-7,0.03500127,1.680066297E-7,0.03681498534,1.780301767E-7,,,,,,,,,,,,
0.04002047,1.5081175E-8,0.04200001,1.315627986E-7,0.029742015845,1.365589742E-7,0.030981255,1.597854153E-7,0.03500255,1.676373719E-7,0.037,1.78401178E-7,,,,,,,,,,,,
0.04004095,1.54899209E-8,0.04200003,1.315083569E-7,0.02980309125,1.36203693E-7,0.031046148276,1.600604389E-7,0.03500511,1.676484736E-7,0.03700001,1.794990112E-7,,,,,,,,,,,,
0.04008191,1.634634085E-8,0.04200007,1.314295718E-7,0.029921565134,1.354955559E-7,0.031116775054,1.603541003E-7,0.03501023,1.676677417E-7,0.03700003,1.794932945E-7,,,,,,,,,,,,
0.04016383,1.815362504E-8,0.04200015,1.312651309E-7,0.029994439649,1.350469958E-7,0.03123496685,1.608329245E-7,0.03502047,1.677054197E-7,0.03700007,1.795037362E-7,,,,,,,,,,,,
0.040218103967,1.941210561E-8,0.04200031,1.309328756E-7,0.03,1.350123511E-7,0.031346719678,1.612718932E-7,0.03504095,1.677793885E-7,0.03700015,1.794693877E-7,,,,,,,,,,,,
0.040250602028,2.018758502E-8,0.04200063,1.302493585E-7,0.03000001,1.345516644E-7,0.031420396888,1.615543518E-7,0.03508191,1.679248274E-7,0.03700031,1.794060079E-7,,,,,,,,,,,,
0.04029712304,2.132494752E-8,0.04200127,1.290168982E-7,0.03000003,1.346252358E-7,0.031494113117,1.61831669E-7,0.03516383,1.682094673E-7,0.03700063,1.7927789E-7,,,,,,,,,,,,
0.040387016253,2.36070969E-8,0.04200255,1.2912527E-7,0.03000007,1.347180493E-7,0.031614942077,1.622752634E-7,0.03532767,1.687594238E-7,0.03700127,1.77547151E-7,,,,,,,,,,,,
0.040450274894,2.527275704E-8,0.04200511,1.291049303E-7,0.03000015,1.349130831E-7,0.031738513507,1.627155378E-7,0.035533485523,1.69419502E-7,0.03700255,1.78000815E-7,,,,,,,,,,,,
0.040489829498,2.633616702E-8,0.04201023,1.290629921E-7,0.03000031,1.352946412E-7,0.031822453429,1.630072684E-7,0.035945116568,1.706519199E-7,0.03700511,1.779964511E-7,,,,,,,,,,,,
0.04054550929,2.785796712E-8,0.04202047,1.28977081E-7,0.03000063,1.360335038E-7,0.031901448496,1.632766173E-7,0.036768378658,1.728193594E-7,0.03701023,1.779907647E-7,,,,,,,,,,,,
0.040651559722,3.08207904E-8,0.04204095,1.288048856E-7,0.03000127,1.375190859E-7,0.032,1.63605848E-7,0.037,1.73367365E-7,0.03702047,1.779797594E-7,,,,,,,,,,,,
0.040739789903,3.332916749E-8,0.04208191,1.284610765E-7,0.03000255,1.373425863E-7,0.03200001,1.644025824E-7,0.03700001,1.743839535E-7,0.03704095,1.779583247E-7,,,,,,,,,,,,
0.040794877641,3.490552454E-8,0.04216383,1.277662907E-7,0.03000511,1.373739046E-7,0.03200003,1.643111572E-7,0.03700003,1.742718337E-7,0.03708191,1.779166896E-7,,,,,,,,,,,,
0.040863899959,3.688273267E-8,0.042208541494,1.27380829E-7,0.03001023,1.374375221E-7,0.03200007,1.64302739E-7,0.03700007,1.742739105E-7,0.03716383,1.778370256E-7,,,,,,,,,,,,
0.041001944595,4.080862325E-8,0.042230975605,1.271855447E-7,0.03002047,1.375661183E-7,0.03200015,1.642524278E-7,0.03700015,1.742361487E-7,0.037317004521,1.776979464E-7,,,,,,,,,,,,
0.04125711938,4.776999954E-8,0.042266328154,1.268752284E-7,0.03004095,1.378188911E-7,0.03200031,1.641559494E-7,0.03700031,1.741659345E-7,0.037471808735,1.775671864E-7,,,,,,,,,,,,
0.041767468952,5.958443132E-8,0.042337033253,1.262451046E-7,0.03008191,1.38306735E-7,0.03200063,1.639606009E-7,0.03700063,1.740239137E-7,0.037641650516,1.774316659E-7,,,,,,,,,,,,
0.042,6.389351117E-8,0.042383747965,1.258218735E-7,0.030152193846,1.391035212E-7,0.03200127,1.626991593E-7,0.03700127,1.725472362E-7,0.037794033984,1.773151231E-7,,,,,,,,,,,,
0.04200001,6.395153517E-8,0.042410058578,1.255811019E-7,0.030197099404,1.395908342E-7,0.03200255,1.629935548E-7,0.03700255,1.729228572E-7,0.037920664727,1.772208678E-7,,,,,,,,,,,,
0.04200003,6.387643153E-8,0.042445340928,1.252555399E-7,0.030223999074,1.398755088E-7,0.03200511,1.629878048E-7,0.03700511,1.729185213E-7,0.0380080397,1.771568515E-7,,,,,,,,,,,,
0.04200007,6.371546298E-8,0.042515905628,1.245952976E-7,0.030264312233,1.402925859E-7,0.03201023,1.629788835E-7,0.03701023,1.729124828E-7,0.038088529094,1.770984374E-7,,,,,,,,,,,,
0.04200015,6.339089159E-8,0.042561527018,1.241620754E-7,0.030340329538,1.41049907E-7,0.03202047,1.629620241E-7,0.03702047,1.729008151E-7,0.038155995517,1.770498017E-7,,,,,,,,,,,,
0.04200031,6.272748222E-8,0.042586942246,1.239186017E-7,0.030390902068,1.415340981E-7,0.03204095,1.629296945E-7,0.03704095,1.728780916E-7,0.038210468446,1.770107059E-7,,,,,,,,,,,,
0.04200063,6.135301007E-8,0.042621997796,1.235803099E-7,0.030421065161,1.418158819E-7,0.03208191,1.628666144E-7,0.03708191,1.728336955E-7,0.038259921219,1.769753198E-7,,,,,,,,,,,,
0.04200127,5.953777742E-8,0.042692108896,1.228953102E-7,0.030463747612,1.422061006E-7,0.03216383,1.627420948E-7,0.03716383,1.727474228E-7,0.038307484111,1.769413634E-7,,,,,,,,,,,,
0.04200255,5.95639014E-8,0.042737785301,1.224431392E-7,0.030545261312,1.429251414E-7,0.03232767,1.6249451E-7,0.03732767,1.725816333E-7,0.038353655819,1.769084579E-7,,,,,,,,,,,,
0.04200511,5.953152543E-8,0.042763356521,1.221880096E-7,0.030600506564,1.433941581E-7,0.032628129668,1.620386361E-7,0.03765535,1.722649169E-7,0.038406402997,1.768709185E-7,,,,,,,,,,,,
0.04201023,5.94560207E-8,0.042798579232,1.218342887E-7,0.03063371817,1.436694132E-7,0.032999229464,1.6146607E-7,0.038286670195,1.716700587E-7,0.038476416158,1.768211472E-7,,,,,,,,,,,,
0.04202047,5.929020448E-8,0.042869024654,1.21119044E-7,0.030679757579,1.440430363E-7,0.033741429058,1.602769899E-7,0.039435820045,1.705626478E-7,0.038540519619,1.767756038E-7,,,,,,,,,,,,
0.04204095,5.894393751E-8,0.042915027439,1.206465039E-7,0.030766882195,1.447261669E-7,0.035,1.580952156E-7,0.04,1.699983748E-7,0.038668726542,1.766844877E-7,,,,,,,,,,,,
0.04208191,5.823767725E-8,0.042940811856,1.203798073E-7,0.030826684602,1.451780603E-7,0.03500001,1.573148E-7,0.04000001,1.689876695E-7,0.038925140388,1.765016237E-7,,,,,,,,,,,,
0.04216383,5.679943414E-8,0.04297638122,1.200097781E-7,0.030862979679,1.454459518E-7,0.03500003,1.574060493E-7,0.04000003,1.691005358E-7,0.03933232749,1.762080557E-7,,,,,,,,,,,,
0.04232767,5.383255828E-8,0.043047519946,1.192625264E-7,0.030912695075,1.45805431E-7,0.03500007,1.574235453E-7,0.04000007,1.691020388E-7,0.039867859514,1.758142999E-7,,,,,,,,,,,,
0.042529484205,5.003615908E-8,0.043144971424,1.182239628E-7,0.03100563292,1.464554949E-7,0.03500015,1.574910009E-7,0.04000015,1.691468507E-7,0.04,1.757157128E-7,,,,,,,,,,,,
0.042933112615,4.219100791E-8,0.04333987438,1.160992045E-7,0.031070084848,1.468905042E-7,0.03500031,1.576206515E-7,0.04000031,1.692305912E-7,0.04000001,1.744921819E-7,,,,,,,,,,,,
0.043740369435,2.736852354E-8,0.043729680292,1.116920594E-7,0.031109550447,1.471508299E-7,0.03500063,1.57878008E-7,0.04000063,1.693977144E-7,0.04000003,1.746256562E-7,,,,,,,,,,,,
0.045,1.190693811E-8,0.044509292115,1.025599328E-7,0.031163138672,1.474972797E-7,0.03500127,1.591940621E-7,0.04000127,1.708965288E-7,0.04000007,1.746205653E-7,,,,,,,,,,,,
0.04500001,1.184832604E-8,0.045,9.685200018E-8,0.031262202728,1.481174802E-7,0.03500255,1.58907137E-7,0.04000255,1.705247341E-7,0.04000015,1.74660509E-7,,,,,,,,,,,,
0.04500003,1.191775902E-8,0.04500001,9.667015537E-8,0.031331526459,1.485367418E-7,0.03500511,1.589211695E-7,0.04000511,1.705341487E-7,0.04000031,1.747335512E-7,,,,,,,,,,,,
0.04500007,1.205167349E-8,0.04500003,9.675298921E-8,0.031374318821,1.487898045E-7,0.03501023,1.589463816E-7,0.04001023,1.705502091E-7,0.04000063,1.748795453E-7,,,,,,,,,,,,
0.04500015,1.232253077E-8,0.04500007,9.691954665E-8,0.03143203469,1.491244694E-7,0.03502047,1.589952345E-7,0.04002047,1.705817113E-7,0.04000127,1.766258098E-7,,,,,,,,,,,,
0.04500031,1.287676269E-8,0.04500015,9.72531285E-8,0.031537720302,1.497184553E-7,0.03504095,1.590902138E-7,0.04004095,1.706437029E-7,0.04000255,1.761751591E-7,,,,,,,,,,,,
0.04500063,1.403490698E-8,0.04500031,9.791930064E-8,0.031612288644,1.501237036E-7,0.03508191,1.592757048E-7,0.04008191,1.707657455E-7,0.04000511,1.761837975E-7,,,,,,,,,,,,
0.04500127,1.55917546E-8,0.04500063,9.924477524E-8,0.031658658558,1.50370225E-7,0.03516383,1.596373759E-7,0.04016383,1.710047405E-7,0.04001023,1.761980204E-7,,,,,,,,,,,,
0.04500255,1.556904612E-8,0.04500127,1.010966531E-7,0.03172087026,1.506946364E-7,0.035296674478,1.602043695E-7,0.04032767,1.714670449E-7,0.04002047,1.76226054E-7,,,,,,,,,,,,
0.04500511,1.560424817E-8,0.04500255,1.010402568E-7,0.031833877485,1.512662595E-7,0.035382523014,1.605594414E-7,0.040573380342,1.721285199E-7,0.04004095,1.762813453E-7,,,,,,,,,,,,
0.04501023,1.569094243E-8,0.04500511,1.011092302E-7,0.031914215055,1.516595186E-7,0.035435194279,1.60773183E-7,0.041064801026,1.733564998E-7,0.04008191,1.7639006E-7,,,,,,,,,,,,
0.04502047,1.588832729E-8,0.04501023,1.012385221E-7,0.031964508957,1.519004463E-7,0.035513502138,1.61085432E-7,0.042,1.753983327E-7,0.04016383,1.7660186E-7,,,,,,,,,,,,
0.04504095,1.631115777E-8,0.04502047,1.014831165E-7,0.032,1.520681059E-7,0.035655991687,1.616374741E-7,0.04200001,1.764162181E-7,0.04032767,1.770078103E-7,,,,,,,,,,,,
0.04508191,1.719495087E-8,0.04504095,1.019532693E-7,0.03200001,1.526330627E-7,0.035752133679,1.619988165E-7,0.04200003,1.76306238E-7,0.040576792824,1.775901752E-7,,,,,,,,,,,,
0.04516383,1.905470358E-8,0.04508191,1.028674994E-7,0.03200003,1.52565432E-7,0.035810404892,1.622136658E-7,0.04200007,1.763102292E-7,0.041075038472,1.786583121E-7,,,,,,,,,,,,
0.045219920627,2.039002333E-8,0.04516383,1.04648213E-7,0.03200007,1.525407668E-7,0.035891747278,1.62508523E-7,0.04200015,1.762762868E-7,0.042,1.803709302E-7,,,,,,,,,,,,
0.045254176233,2.122858277E-8,0.04532767,1.0806791E-7,0.03200015,1.52468351E-7,0.036043310933,1.630428877E-7,0.04200031,1.762137123E-7,0.04200001,1.813537683E-7,,,,,,,,,,,,
0.045302112361,2.242971773E-8,0.04565535,1.143277655E-7,0.03200031,1.523258126E-7,0.036147376815,1.63399013E-7,0.04200063,1.760871789E-7,0.04200003,1.814264605E-7,,,,,,,,,,,,
0.045393340715,2.479712107E-8,0.046173259001,1.225809821E-7,0.03200063,1.520361003E-7,0.036210622064,1.63611352E-7,0.04200127,1.746256908E-7,0.04200007,1.814811576E-7,,,,,,,,,,,,
0.04546645907,2.676164358E-8,0.046372489722,1.25238173E-7,0.03200127,1.50949368E-7,0.036297051057,1.638966981E-7,0.04200255,1.750023782E-7,0.04200015,1.8144459E-7,,,,,,,,,,,,
0.045510900769,2.798013587E-8,0.046468372163,1.264207074E-7,0.03200255,1.511589009E-7,0.036457702078,1.644128811E-7,0.04200511,1.749983253E-7,0.04200031,1.813883667E-7,,,,,,,,,,,,
0.045564191434,2.946149579E-8,0.046660137045,1.286082848E-7,0.03200511,1.511497885E-7,0.036569104998,1.647604838E-7,0.04201023,1.749927803E-7,0.04200063,1.812738175E-7,,,,,,,,,,,,
0.04567062628,3.246943476E-8,0.047,1.319613865E-7,0.03201023,1.511337638E-7,0.036637107324,1.649686827E-7,0.04202047,1.749820168E-7,0.04200127,1.795563392E-7,,,,,,,,,,,,
0.045842611293,3.73900995E-8,0.04700001,1.322533948E-7,0.03202047,1.511032001E-7,0.036729113103,1.652457248E-7,0.04204095,1.749610028E-7,0.04200255,1.800108948E-7,,,,,,,,,,,,
0.046186581319,4.694029514E-8,0.04700003,1.32199989E-7,0.03204095,1.510448815E-7,0.036899233835,1.657444598E-7,0.04208191,1.749199563E-7,0.04200511,1.800066827E-7,,,,,,,,,,,,
0.04687452137,6.236681047E-8,0.04700007,1.321242049E-7,0.03208191,1.50931657E-7,0.037,1.660319454E-7,0.04216383,1.748404307E-7,0.04201023,1.800012875E-7,,,,,,,,,,,,
0.047,6.455652533E-8,0.04700015,1.319655748E-7,0.03216383,1.50706899E-7,0.03700001,1.668339031E-7,0.04232767,1.746885345E-7,0.04202047,1.799908685E-7,,,,,,,,,,,,
0.04700001,6.461537698E-8,0.04700031,1.316451921E-7,0.03232767,1.502516833E-7,0.03700003,1.667427575E-7,0.042639850761,1.744144679E-7,0.04204095,1.799706027E-7,,,,,,,,,,,,
0.04700003,6.454196445E-8,0.04700063,1.309861685E-7,0.032482530991,1.498117469E-7,0.03700007,1.667374054E-7,0.043193963721,1.739456832E-7,0.04208191,1.799313206E-7,,,,,,,,,,,,
0.04700007,6.438423353E-8,0.04700127,1.297798917E-7,0.032576277006,1.495405474E-7,0.03700015,1.666931527E-7,0.044183345139,1.731015999E-7,0.04216383,1.798564712E-7,,,,,,,,,,,,
0.04700015,6.406624955E-8,0.04700255,1.298895288E-7,0.032661763951,1.492899222E-7,0.03700031,1.666088623E-7,0.045,1.723801083E-7,0.04232767,1.797181243E-7,,,,,,,,,,,,
0.04700031,6.341632651E-8,0.04700511,1.298698172E-7,0.032806629196,1.488577328E-7,0.03700063,1.66438346E-7,0.04500001,1.713652916E-7,0.042512231949,1.795755903E-7,,,,,,,,,,,,
0.04700063,6.206960531E-8,0.04701023,1.298291375E-7,0.032957289139,1.483978448E-7,0.03700127,1.652013467E-7,0.04500003,1.714775118E-7,0.042701237242,1.79439644E-7,,,,,,,,,,,,
0.04700127,6.028734645E-8,0.04702047,1.297457311E-7,0.033054485536,1.48095268E-7,0.03700255,1.654975844E-7,0.04500007,1.714764125E-7,0.042857010743,1.793329258E-7,,,,,,,,,,,,
0.04700255,6.031354442E-8,0.04704095,1.295785593E-7,0.033138440259,1.478300549E-7,0.03700511,1.654924554E-7,0.04500015,1.715160272E-7,0.042964021384,1.79261641E-7,,,,,,,,,,,,
0.04700511,6.028136711E-8,0.04708191,1.292448328E-7,0.033266927028,1.474169875E-7,0.03701023,1.65484629E-7,0.04500031,1.715894728E-7,0.043054667103,1.79202234E-7,,,,,,,,,,,,
0.04701023,6.020665581E-8,0.04716383,1.285702518E-7,0.033413278324,1.469354536E-7,0.03702047,1.654697359E-7,0.04500063,1.71736207E-7,0.043128771961,1.791542027E-7,,,,,,,,,,,,
0.04702047,6.004293588E-8,0.047210492157,1.281793577E-7,0.0335125844,1.466017115E-7,0.03704095,1.654410043E-7,0.04500127,1.732155506E-7,0.043190027508,1.791147963E-7,,,,,,,,,,,,
0.04704095,5.970129222E-8,0.047234497784,1.279761327E-7,0.033594335262,1.463225487E-7,0.03708191,1.653847917E-7,0.04500255,1.728420006E-7,0.043243750427,1.790804179E-7,,,,,,,,,,,,
0.04708191,5.900442295E-8,0.047270649461,1.276673131E-7,0.033709356483,1.45922764E-7,0.03716383,1.652739348E-7,0.04500511,1.728502631E-7,0.043290238773,1.790507856E-7,,,,,,,,,,,,
0.04716383,5.758439833E-8,0.047342952817,1.270396364E-7,0.033850069224,1.454220492E-7,0.03732767,1.650543552E-7,0.04501023,1.728641273E-7,0.043322232788,1.790304529E-7,,,,,,,,,,,,
0.04732767,5.465031519E-8,0.047390114362,1.266230188E-7,0.033949639574,1.45059639E-7,0.03765535,1.646156244E-7,0.04502047,1.728913804E-7,0.043355726752,1.790091963E-7,,,,,,,,,,,,
0.047529061749,5.089299373E-8,0.047416462923,1.263877977E-7,0.034021241257,1.447947064E-7,0.038100898183,1.640105531E-7,0.04504095,1.729450867E-7,0.043379588169,1.789940853E-7,,,,,,,,,,,,
0.047931845246,4.3085023E-8,0.047452029339,1.260675065E-7,0.034120692013,1.444205115E-7,0.038991994548,1.627535015E-7,0.04508191,1.73050866E-7,0.043404472858,1.78978333E-7,,,,,,,,,,,,
0.04873741224,2.815639775E-8,0.047523162172,1.254174448E-7,0.034263418869,1.438702962E-7,0.04,1.612401842E-7,0.04516383,1.732579696E-7,0.043427321652,1.789638869E-7,,,,,,,,,,,,
0.050348546229,9.624135117E-9,0.04756902213,1.249917343E-7,0.034363408703,1.434751194E-7,0.04000001,1.604496955E-7,0.04532767,1.73658561E-7,0.043448352696,1.789506003E-7,,,,,,,,,,,,
0.050769110329,7.152742041E-9,0.047594514952,1.2475288E-7,0.034428596725,1.432129835E-7,0.04000003,1.60541093E-7,0.045611357226,1.743187152E-7,0.043467013927,1.789388198E-7,,,,,,,,,,,,
0.050878742501,6.616633609E-9,0.047629632656,1.244212929E-7,0.034515264959,1.428587647E-7,0.04000007,1.605529467E-7,0.046178731677,1.75537123E-7,0.043483939,1.789281405E-7,,,,,,,,,,,,
0.051020986387,5.978378689E-9,0.047699868065,1.237493868E-7,0.034656193595,1.422682588E-7,0.04000015,1.606096777E-7,0.047,1.770965097E-7,0.043501149674,1.789172824E-7,,,,,,,,,,,,
0.051108627999,5.615009489E-9,0.047745528777,1.233064512E-7,0.034753772405,1.418483266E-7,0.04000031,1.607180856E-7,0.04700001,1.781180886E-7,0.043518133836,1.789065721E-7,,,,,,,,,,,,
0.051166842236,5.38545466E-9,0.047771055598,1.230567649E-7,0.034813897816,1.415848565E-7,0.04000063,1.609337772E-7,0.04700003,1.780070858E-7,0.043534743655,1.788961015E-7,,,,,,,,,,,,
0.051264843703,5.019169234E-9,0.047806195547,1.227106696E-7,0.034892216849,1.412360638E-7,0.04000127,1.622107972E-7,0.04700007,1.780124621E-7,0.043550576731,1.788861238E-7,,,,,,,,,,,,
0.05142477856,4.472076648E-9,0.047876475445,1.220103772E-7,0.035,1.407452844E-7,0.04000255,1.61920258E-7,0.04700015,1.779814027E-7,0.043565516994,1.788767109E-7,,,,,,,,,,,,
0.051532063629,4.137582839E-9,0.047922313582,1.215479519E-7,0.03500001,1.402430898E-7,0.04000511,1.619319343E-7,0.04700031,1.779246121E-7,0.043579493062,1.788679073E-7,,,,,,,,,,,,
0.051598011639,3.944002172E-9,0.047947991494,1.21286995E-7,0.03500003,1.403101881E-7,0.04001023,1.61952609E-7,0.04700063,1.778097916E-7,0.04359252783,1.788596978E-7,,,,,,,,,,,,
0.05169463394,3.675975711E-9,0.047983394181,1.209249992E-7,0.03500007,1.403723638E-7,0.04002047,1.619927429E-7,0.04700127,1.76359772E-7,0.043605326962,1.788516365E-7,,,,,,,,,,,,
0.051875744853,3.219936883E-9,0.048054199554,1.201935119E-7,0.03500015,1.405112796E-7,0.04004095,1.620710281E-7,0.04700255,1.767372663E-7,0.04361859267,1.78843281E-7,,,,,,,,,,,,
0.052104607254,2.721195222E-9,0.048151219777,1.191755967E-7,0.03500031,1.407832519E-7,0.04008191,1.622244393E-7,0.04700511,1.767334261E-7,0.043632058604,1.788348004E-7,,,,,,,,,,,,
0.052562332056,1.939280893E-9,0.048345260223,1.170896112E-7,0.03500063,1.413150691E-7,0.04016383,1.625246405E-7,0.04701023,1.767282541E-7,0.043645703945,1.788262072E-7,,,,,,,,,,,,
0.053477781659,9.863725379E-10,0.048733341116,1.127483441E-7,0.03500127,1.42612774E-7,0.04032767,1.631057008E-7,0.04702047,1.767181819E-7,0.043659337838,1.788176217E-7,,,,,,,,,,,,
0.055308680867,2.797298162E-10,0.049509502901,1.036857181E-7,0.03500255,1.424230841E-7,0.04053953928,1.638243647E-7,0.04704095,1.766984877E-7,0.043672845736,1.788091155E-7,,,,,,,,,,,,
0.058970479282,4.185317974E-11,0.050144350164,9.629970775E-8,0.03500511,1.424469467E-7,0.040963277841,1.651656085E-7,0.04708191,1.766600407E-7,0.043685993632,1.788008358E-7,,,,,,,,,,,,
0.06,2.840851198E-11,0.051414044689,8.211413196E-8,0.03501023,1.424942203E-7,0.041810754963,1.675291036E-7,0.04716383,1.765857548E-7,0.043698670156,1.787928526E-7,,,,,,,,,,,,
,,0.052005173384,7.533881999E-8,0.03502047,1.425886986E-7,0.042,1.680076751E-7,0.04732767,1.764446184E-7,0.043710863059,1.787851735E-7,,,,,,,,,,,,
,,0.052326737389,7.133810491E-8,0.03504095,1.427733525E-7,0.04200001,1.688132462E-7,0.04765535,1.761798091E-7,0.043723210686,1.787773962E-7,,,,,,,,,,,,
,,0.052969865398,6.20546845E-8,0.03508191,1.431302736E-7,0.04200003,1.687224229E-7,0.048259151469,1.757140937E-7,0.043736651383,1.787689295E-7,,,,,,,,,,,,
,,0.054256121417,3.823827506E-8,0.03516383,1.438134269E-7,0.04200007,1.687192466E-7,0.049299371595,1.749073316E-7,0.043751251309,1.787597318E-7,,,,,,,,,,,,
,,0.055511028569,1.808343385E-8,0.035229410143,1.443377067E-7,0.04200015,1.686793274E-7,0.051272844946,1.732855628E-7,0.043766830838,1.787499157E-7,,,,,,,,,,,,
,,0.056161645295,1.158957913E-8,0.035267901829,1.446372207E-7,0.04200031,1.686037366E-7,0.055219791647,1.696051166E-7,0.043783371652,1.787394928E-7,,,,,,,,,,,,
,,0.056967839403,6.567663122E-9,0.035311097185,1.449665286E-7,0.04200063,1.684509018E-7,0.06,1.640822298E-7,0.043806525903,1.787248991E-7,,,,,,,,,,,,
,,0.05858022762,2.023356263E-9,0.03539511185,1.455875503E-7,0.04200127,1.67231268E-7,,,0.043851106792,1.786967858E-7,,,,,,,,,,,,
,,0.06,7.133265442E-10,0.035467876061,1.461058842E-7,0.04200255,1.675288057E-7,,,0.043934448275,1.786441594E-7,,,,,,,,,,,,
,,,,0.035512371089,1.464144355E-7,0.04200511,1.675241138E-7,,,0.044101131242,1.785385444E-7,,,,,,,,,,,,
,,,,0.03555908689,1.467318359E-7,0.04201023,1.67517055E-7,,,0.044434497174,1.78325417E-7,,,,,,,,,,,,
,,,,0.035644177713,1.472935462E-7,0.04202047,1.675035453E-7,,,0.044865742693,1.780453072E-7,,,,,,,,,,,,
,,,,0.035724265551,1.478039393E-7,0.04204095,1.67477366E-7,,,0.045,1.779570288E-7,,,,,,,,,,,,
,,,,0.035775653116,1.481226058E-7,0.04208191,1.67426059E-7,,,0.04500001,1.767302415E-7,,,,,,,,,,,,
,,,,0.035826462165,1.484312154E-7,0.04216383,1.673249786E-7,,,0.04500003,1.768629197E-7,,,,,,,,,,,,
,,,,0.035912236653,1.489382772E-7,0.04232767,1.67125379E-7,,,0.04500007,1.768556624E-7,,,,,,,,,,,,
,,,,0.036000012557,1.494400326E-7,0.04265535,1.667282963E-7,,,0.04500015,1.76891214E-7,,,,,,,,,,,,
,,,,0.0360591264,1.497687083E-7,0.04331071,1.659223044E-7,,,0.04500031,1.76955559E-7,,,,,,,,,,,,
,,,,0.036114536458,1.500703521E-7,0.04462143,1.642262403E-7,,,0.04500063,1.770843184E-7,,,,,,,,,,,,
,,,,0.036201208517,1.505302487E-7,0.045,1.637117541E-7,,,0.04500127,1.788141363E-7,,,,,,,,,,,,
,,,,0.036296941433,1.510221786E-7,0.04500001,1.629149086E-7,,,0.04500255,1.783620103E-7,,,,,,,,,,,,
,,,,0.036364391013,1.513591981E-7,0.04500003,1.630061875E-7,,,0.04500511,1.783696991E-7,,,,,,,,,,,,
,,,,0.036425041484,1.516558034E-7,0.04500007,1.630144105E-7,,,0.04501023,1.783820951E-7,,,,,,,,,,,,
,,,,0.036513582172,1.520783364E-7,0.04500015,1.630641183E-7,,,0.04502047,1.784065539E-7,,,,,,,,,,,,
,,,,0.036617377246,1.525586463E-7,0.04500031,1.631586177E-7,,,0.04504095,1.78454808E-7,,,,,,,,,,,,
,,,,0.036701904806,1.529384666E-7,0.04500063,1.633469245E-7,,,0.04508191,1.785496204E-7,,,,,,,,,,,,
,,,,0.036772331302,1.532475427E-7,0.04500127,1.645981147E-7,,,0.04516383,1.787340189E-7,,,,,,,,,,,,
,,,,0.036856540153,1.536086916E-7,0.04500255,1.643051876E-7,,,0.04532767,1.790865609E-7,,,,,,,,,,,,
,,,,0.03696510614,1.540614326E-7,0.04500511,1.643153028E-7,,,0.045609236777,1.796547723E-7,,,,,,,,,,,,
,,,,0.037,1.542039957E-7,0.04501023,1.643330022E-7,,,0.04617237033,1.806873812E-7,,,,,,,,,,,,
,,,,0.03700001,1.547771688E-7,0.04502047,1.64367441E-7,,,0.046665889926,1.815007441E-7,,,,,,,,,,,,
,,,,0.03700003,1.547091136E-7,0.04504095,1.644348012E-7,,,0.046893828834,1.818513937E-7,,,,,,,,,,,,
,,,,0.03700007,1.546890579E-7,0.04508191,1.645671081E-7,,,0.047,1.820097172E-7,,,,,,,,,,,,
,,,,0.03700015,1.546251518E-7,0.04516383,1.648265614E-7,,,0.04700001,1.8323965E-7,,,,,,,,,,,,
,,,,0.03700031,1.544999305E-7,0.04532767,1.653303765E-7,,,0.04700003,1.831100645E-7,,,,,,,,,,,,
,,,,0.03700063,1.542457827E-7,0.045576075415,1.660618714E-7,,,0.04700007,1.831205795E-7,,,,,,,,,,,,
,,,,0.03700127,1.531941158E-7,0.046072886244,1.674240064E-7,,,0.04700015,1.830916123E-7,,,,,,,,,,,,
,,,,0.03700255,1.53406303E-7,0.047,1.696645132E-7,,,0.04700031,1.830400221E-7,,,,,,,,,,,,
,,,,0.03700511,1.533980581E-7,0.04700001,1.704727532E-7,,,0.04700063,1.829356594E-7,,,,,,,,,,,,
,,,,0.03701023,1.533838224E-7,0.04700003,1.703822497E-7,,,0.04700127,1.812280878E-7,,,,,,,,,,,,
,,,,0.03702047,1.53356795E-7,0.04700007,1.703807182E-7,,,0.04700255,1.816834262E-7,,,,,,,,,,,,
,,,,0.03704095,1.533052263E-7,0.04700015,1.703440911E-7,,,0.04700511,1.816794661E-7,,,,,,,,,,,,
,,,,0.03708191,1.532049742E-7,0.04700031,1.70275101E-7,,,0.04701023,1.816744257E-7,,,,,,,,,,,,
,,,,0.03716383,1.530059756E-7,0.04700063,1.701356589E-7,,,0.04702047,1.816645599E-7,,,,,,,,,,,,
,,,,0.03732767,1.52603867E-7,0.04700127,1.68929162E-7,,,0.04704095,1.816452639E-7,,,,,,,,,,,,
,,,,0.037506598377,1.521556592E-7,0.04700255,1.692276752E-7,,,0.04708191,1.81607839E-7,,,,,,,,,,,,
,,,,0.037618744041,1.518695228E-7,0.04700511,1.692233097E-7,,,0.04716383,1.81536723E-7,,,,,,,,,,,,
,,,,0.037710039009,1.516334991E-7,0.04701023,1.69216825E-7,,,0.04732767,1.814061105E-7,,,,,,,,,,,,
,,,,0.037851152589,1.512630325E-7,0.04702047,1.692043566E-7,,,0.04765535,1.811758423E-7,,,,,,,,,,,,
,,,,0.038022257384,1.50804244E-7,0.04704095,1.691801158E-7,,,0.048169069982,1.8085935E-7,,,,,,,,,,,,
,,,,0.038138209926,1.504870978E-7,0.04708191,1.691325572E-7,,,0.048834649957,1.804780087E-7,,,,,,,,,,,,
,,,,0.038220110257,1.502599347E-7,0.04716383,1.690389559E-7,,,0.049832525097,1.799033906E-7,,,,,,,,,,,,
,,,,0.038338988449,1.499254063E-7,0.04732767,1.68854599E-7,,,0.051584020166,1.788364194E-7,,,,,,,,,,,,
,,,,0.038512200608,1.494273943E-7,0.04765535,1.684891132E-7,,,0.055087010304,1.764770531E-7,,,,,,,,,,,,
,,,,0.038630638095,1.490793194E-7,0.04831071,1.677500796E-7,,,0.06,1.725908332E-7,,,,,,,,,,,,
,,,,0.038706272151,1.488537029E-7,0.04962143,1.662037286E-7,,,,,,,,,,,,,,,,
,,,,0.038808886566,1.485433104E-7,0.05224287,1.627482172E-7,,,,,,,,,,,,,,,,
,,,,0.038980274653,1.480134304E-7,0.05748575,1.533708399E-7,,,,,,,,,,,,,,,,
,,,,0.039096838937,1.476444916E-7,0.06,1.464498882E-7,,,,,,,,,,,,,,,,
,,,,0.039167311544,1.474179377E-7,,,,,,,,,,,,,,,,,,
,,,,0.039260492923,1.471141972E-7,,,,,,,,,,,,,,,,,,
,,,,0.039427739131,1.465566052E-7,,,,,,,,,,,,,,,,,,
,,,,0.039539889824,1.461733493E-7,,,,,,,,,,,,,,,,,,
,,,,0.039605856991,1.459442605E-7,,,,,,,,,,,,,,,,,,
,,,,0.039693110859,1.456369466E-7,,,,,,,,,,,,,,,,,,
,,,,0.039855208141,1.450524909E-7,,,,,,,,,,,,,,,,,,
,,,,0.039962140713,1.446568412E-7,,,,,,,,,,,,,,,,,,
,,,,0.04,1.445147589E-7,,,,,,,,,,,,,,,,,,
,,,,0.04000001,1.439881023E-7,,,,,,,,,,,,,,,,,,
,,,,0.04000003,1.44054258E-7,,,,,,,,,,,,,,,,,,
,,,,0.04000007,1.4410083E-7,,,,,,,,,,,,,,,,,,
,,,,0.04000015,1.44211865E-7,,,,,,,,,,,,,,,,,,
,,,,0.04000031,1.444290655E-7,,,,,,,,,,,,,,,,,,
,,,,0.04000063,1.448561694E-7,,,,,,,,,,,,,,,,,,
,,,,0.04000127,1.460592639E-7,,,,,,,,,,,,,,,,,,
,,,,0.04000255,1.458622274E-7,,,,,,,,,,,,,,,,,,
,,,,0.04000511,1.458822593E-7,,,,,,,,,,,,,,,,,,
,,,,0.04001023,1.45920962E-7,,,,,,,,,,,,,,,,,,
,,,,0.04002047,1.459973895E-7,,,,,,,,,,,,,,,,,,
,,,,0.04004095,1.461459947E-7,,,,,,,,,,,,,,,,,,
,,,,0.04008191,1.464334592E-7,,,,,,,,,,,,,,,,,,
,,,,0.04016383,1.469868145E-7,,,,,,,,,,,,,,,,,,
,,,,0.04024562462,1.475183242E-7,,,,,,,,,,,,,,,,,,
,,,,0.040298143182,1.47849956E-7,,,,,,,,,,,,,,,,,,
,,,,0.040347217657,1.481534379E-7,,,,,,,,,,,,,,,,,,
,,,,0.040428503177,1.486431775E-7,,,,,,,,,,,,,,,,,,
,,,,0.040516935464,1.491586332E-7,,,,,,,,,,,,,,,,,,
,,,,0.04057771492,1.495029938E-7,,,,,,,,,,,,,,,,,,
,,,,0.040632262525,1.498054904E-7,,,,,,,,,,,,,,,,,,
,,,,0.040714147435,1.502484551E-7,,,,,,,,,,,,,,,,,,
,,,,0.040809608551,1.507488395E-7,,,,,,,,,,,,,,,,,,
,,,,0.040886208429,1.511385566E-7,,,,,,,,,,,,,,,,,,
,,,,0.040949767259,1.514543401E-7,,,,,,,,,,,,,,,,,,
,,,,0.041026784467,1.518281812E-7,,,,,,,,,,,,,,,,,,
,,,,0.041126447549,1.522983072E-7,,,,,,,,,,,,,,,,,,
,,,,0.041217343592,1.527143647E-7,,,,,,,,,,,,,,,,,,
,,,,0.041291545518,1.530454741E-7,,,,,,,,,,,,,,,,,,
,,,,0.041369277519,1.533844852E-7,,,,,,,,,,,,,,,,,,
,,,,0.041469698502,1.538111111E-7,,,,,,,,,,,,,,,,,,
,,,,0.041572748438,1.542362914E-7,,,,,,,,,,,,,,,,,,
,,,,0.041660364267,1.545882587E-7,,,,,,,,,,,,,,,,,,
,,,,0.041743719896,1.549153668E-7,,,,,,,,,,,,,,,,,,
,,,,0.041843959346,1.552991911E-7,,,,,,,,,,,,,,,,,,
,,,,0.041956540842,1.55718465E-7,,,,,,,,,,,,,,,,,,
,,,,0.042,1.558771133E-7,,,,,,,,,,,,,,,,,,
,,,,0.04200001,1.564559525E-7,,,,,,,,,,,,,,,,,,
,,,,0.04200003,1.56387634E-7,,,,,,,,,,,,,,,,,,
,,,,0.04200007,1.563707455E-7,,,,,,,,,,,,,,,,,,
,,,,0.04200015,1.563127524E-7,,,,,,,,,,,,,,,,,,
,,,,0.04200031,1.561995398E-7,,,,,,,,,,,,,,,,,,
,,,,0.04200063,1.559699964E-7,,,,,,,,,,,,,,,,,,
,,,,0.04200127,1.549425639E-7,,,,,,,,,,,,,,,,,,
,,,,0.04200255,1.551566131E-7,,,,,,,,,,,,,,,,,,
,,,,0.04200511,1.551490235E-7,,,,,,,,,,,,,,,,,,
,,,,0.04201023,1.551360876E-7,,,,,,,,,,,,,,,,,,
,,,,0.04202047,1.551115678E-7,,,,,,,,,,,,,,,,,,
,,,,0.04204095,1.550647286E-7,,,,,,,,,,,,,,,,,,
,,,,0.04208191,1.549735302E-7,,,,,,,,,,,,,,,,,,
,,,,0.04216383,1.547924808E-7,,,,,,,,,,,,,,,,,,
,,,,0.04232767,1.544272596E-7,,,,,,,,,,,,,,,,,,
,,,,0.042529840878,1.539678739E-7,,,,,,,,,,,,,,,,,,
,,,,0.042657780235,1.536717182E-7,,,,,,,,,,,,,,,,,,
,,,,0.042743710308,1.534703289E-7,,,,,,,,,,,,,,,,,,
,,,,0.042875782878,1.531567797E-7,,,,,,,,,,,,,,,,,,
,,,,0.043077479292,1.526681505E-7,,,,,,,,,,,,,,,,,,
,,,,0.043210214179,1.523398371E-7,,,,,,,,,,,,,,,,,,
,,,,0.043291442382,1.521361729E-7,,,,,,,,,,,,,,,,,,
,,,,0.04340398135,1.518504418E-7,,,,,,,,,,,,,,,,,,
,,,,0.043601518352,1.513385156E-7,,,,,,,,,,,,,,,,,,
,,,,0.043731562564,1.509939579E-7,,,,,,,,,,,,,,,,,,
,,,,0.043807594572,1.507896221E-7,,,,,,,,,,,,,,,,,,
,,,,0.04391008184,1.505107135E-7,,,,,,,,,,,,,,,,,,
,,,,0.044101573083,1.499784948E-7,,,,,,,,,,,,,,,,,,
,,,,0.044226195604,1.496240244E-7,,,,,,,,,,,,,,,,,,
,,,,0.044297536511,1.494181138E-7,,,,,,,,,,,,,,,,,,
,,,,0.044393891089,1.491364416E-7,,,,,,,,,,,,,,,,,,
,,,,0.044578931488,1.485835885E-7,,,,,,,,,,,,,,,,,,
,,,,0.044697753092,1.482199442E-7,,,,,,,,,,,,,,,,,,
,,,,0.044764903409,1.480113254E-7,,,,,,,,,,,,,,,,,,
,,,,0.044856425384,1.477232596E-7,,,,,,,,,,,,,,,,,,
,,,,0.045,1.472623843E-7,,,,,,,,,,,,,,,,,,
,,,,0.04500001,1.467200466E-7,,,,,,,,,,,,,,,,,,
,,,,0.04500003,1.467864654E-7,,,,,,,,,,,,,,,,,,
,,,,0.04500007,1.468237226E-7,,,,,,,,,,,,,,,,,,
,,,,0.04500015,1.469182087E-7,,,,,,,,,,,,,,,,,,
,,,,0.04500031,1.471027292E-7,,,,,,,,,,,,,,,,,,
,,,,0.04500063,1.474667784E-7,,,,,,,,,,,,,,,,,,
,,,,0.04500127,1.486125924E-7,,,,,,,,,,,,,,,,,,
,,,,0.04500255,1.484108329E-7,,,,,,,,,,,,,,,,,,
,,,,0.04500511,1.484283633E-7,,,,,,,,,,,,,,,,,,
,,,,0.04501023,1.484615953E-7,,,,,,,,,,,,,,,,,,
,,,,0.04502047,1.485266732E-7,,,,,,,,,,,,,,,,,,
,,,,0.04504095,1.486528235E-7,,,,,,,,,,,,,,,,,,
,,,,0.04508191,1.488970922E-7,,,,,,,,,,,,,,,,,,
,,,,0.04516383,1.493691124E-7,,,,,,,,,,,,,,,,,,
,,,,0.045260773335,1.499075664E-7,,,,,,,,,,,,,,,,,,
,,,,0.04532525518,1.502552146E-7,,,,,,,,,,,,,,,,,,
,,,,0.045378421972,1.505359338E-7,,,,,,,,,,,,,,,,,,
,,,,0.045458601805,1.509496121E-7,,,,,,,,,,,,,,,,,,
,,,,0.045560926587,1.514614925E-7,,,,,,,,,,,,,,,,,,
,,,,0.045643301744,1.518611973E-7,,,,,,,,,,,,,,,,,,
,,,,0.045701103369,1.521353894E-7,,,,,,,,,,,,,,,,,,
,,,,0.045772286774,1.524662403E-7,,,,,,,,,,,,,,,,,,
,,,,0.045884219891,1.52971961E-7,,,,,,,,,,,,,,,,,,
,,,,0.045982298145,1.534012471E-7,,,,,,,,,,,,,,,,,,
,,,,0.046046551468,1.536758273E-7,,,,,,,,,,,,,,,,,,
,,,,0.046115989487,1.539668887E-7,,,,,,,,,,,,,,,,,,
,,,,0.046233077648,1.544449242E-7,,,,,,,,,,,,,,,,,,
,,,,0.046344258589,1.548847778E-7,,,,,,,,,,,,,,,,,,
,,,,0.046417615547,1.551678753E-7,,,,,,,,,,,,,,,,,,
,,,,0.046490899509,1.554452854E-7,,,,,,,,,,,,,,,,,,
,,,,0.046611201749,1.558894767E-7,,,,,,,,,,,,,,,,,,
,,,,0.046734929503,1.563325293E-7,,,,,,,,,,,,,,,,,,
,,,,0.046819398348,1.566273855E-7,,,,,,,,,,,,,,,,,,
,,,,0.046899077461,1.569001102E-7,,,,,,,,,,,,,,,,,,
,,,,0.047,1.57238308E-7,,,,,,,,,,,,,,,,,,
,,,,0.04700001,1.578212862E-7,,,,,,,,,,,,,,,,,,
,,,,0.04700003,1.577528078E-7,,,,,,,,,,,,,,,,,,
,,,,0.04700007,1.577382341E-7,,,,,,,,,,,,,,,,,,
,,,,0.04700015,1.57684604E-7,,,,,,,,,,,,,,,,,,
,,,,0.04700031,1.575802364E-7,,,,,,,,,,,,,,,,,,
,,,,0.04700063,1.573687855E-7,,,,,,,,,,,,,,,,,,
,,,,0.04700127,1.563591658E-7,,,,,,,,,,,,,,,,,,
,,,,0.04700255,1.565745951E-7,,,,,,,,,,,,,,,,,,
,,,,0.04700511,1.565675144E-7,,,,,,,,,,,,,,,,,,
,,,,0.04701023,1.565555628E-7,,,,,,,,,,,,,,,,,,
,,,,0.04702047,1.565329129E-7,,,,,,,,,,,,,,,,,,
,,,,0.04704095,1.564895769E-7,,,,,,,,,,,,,,,,,,
,,,,0.04708191,1.564050742E-7,,,,,,,,,,,,,,,,,,
,,,,0.04716383,1.56237291E-7,,,,,,,,,,,,,,,,,,
,,,,0.04732767,1.558992715E-7,,,,,,,,,,,,,,,,,,
,,,,0.047551738154,1.554285211E-7,,,,,,,,,,,,,,,,,,
,,,,0.047692604906,1.55127023E-7,,,,,,,,,,,,,,,,,,
,,,,0.047781203523,1.549350868E-7,,,,,,,,,,,,,,,,,,
,,,,0.047913425415,1.54645211E-7,,,,,,,,,,,,,,,,,,
,,,,0.048134259619,1.541515005E-7,,,,,,,,,,,,,,,,,,
,,,,0.048277083346,1.538255257E-7,,,,,,,,,,,,,,,,,,
,,,,0.048360891359,1.536317051E-7,,,,,,,,,,,,,,,,,,
,,,,0.048476500235,1.533611577E-7,,,,,,,,,,,,,,,,,,
,,,,0.048690546764,1.528501321E-7,,,,,,,,,,,,,,,,,,
,,,,0.048828376395,1.525138145E-7,,,,,,,,,,,,,,,,,,
,,,,0.048906892637,1.523195833E-7,,,,,,,,,,,,,,,,,,
,,,,0.049013873208,1.520517551E-7,,,,,,,,,,,,,,,,,,
,,,,0.049220083601,1.515247569E-7,,,,,,,,,,,,,,,,,,
,,,,0.049351356022,1.511815844E-7,,,,,,,,,,,,,,,,,,
,,,,0.049425051527,1.509862034E-7,,,,,,,,,,,,,,,,,,
,,,,0.049526068736,1.507151066E-7,,,,,,,,,,,,,,,,,,
,,,,0.049724483236,1.501711721E-7,,,,,,,,,,,,,,,,,,
,,,,0.04984934179,1.498207651E-7,,,,,,,,,,,,,,,,,,
,,,,0.049918752824,1.496231462E-7,,,,,,,,,,,,,,,,,,
,,,,0.050014767605,1.493463608E-7,,,,,,,,,,,,,,,,,,
,,,,0.05020564055,1.48783875E-7,,,,,,,,,,,,,,,,,,
,,,,0.050324542648,1.484248785E-7,,,,,,,,,,,,,,,,,,
,,,,0.050390142668,1.48223872E-7,,,,,,,,,,,,,,,,,,
,,,,0.05048165146,1.47939875E-7,,,,,,,,,,,,,,,,,,
,,,,0.050664669045,1.473588025E-7,,,,,,,,,,,,,,,,,,
,,,,0.050778185067,1.469892342E-7,,,,,,,,,,,,,,,,,,
,,,,0.050840618035,1.467828585E-7,,,,,,,,,,,,,,,,,,
,,,,0.050927999708,1.464901831E-7,,,,,,,,,,,,,,,,,,
,,,,0.051102763054,1.458908911E-7,,,,,,,,,,,,,,,,,,
,,,,0.051211289049,1.455089425E-7,,,,,,,,,,,,,,,,,,
,,,,0.051271044181,1.452952946E-7,,,,,,,,,,,,,,,,,,
,,,,0.051354540874,1.44992653E-7,,,,,,,,,,,,,,,,,,
,,,,0.051521534261,1.443724053E-7,,,,,,,,,,,,,,,,,,
,,,,0.051624995737,1.439776292E-7,,,,,,,,,,,,,,,,,,
,,,,0.051681907688,1.437568907E-7,,,,,,,,,,,,,,,,,,
,,,,0.051761507506,1.434437479E-7,,,,,,,,,,,,,,,,,,
,,,,0.051920707144,1.428013792E-7,,,,,,,,,,,,,,,,,,
,,,,0.052019117203,1.423930291E-7,,,,,,,,,,,,,,,,,,
,,,,0.052073199407,1.421647787E-7,,,,,,,,,,,,,,,,,,
,,,,0.052148882922,1.418406318E-7,,,,,,,,,,,,,,,,,,
,,,,0.052300249953,1.411750548E-7,,,,,,,,,,,,,,,,,,
,,,,0.052393578414,1.407526002E-7,,,,,,,,,,,,,,,,,,
,,,,0.052444806873,1.405166073E-7,,,,,,,,,,,,,,,,,,
,,,,0.052516524055,1.401811678E-7,,,,,,,,,,,,,,,,,,
,,,,0.052659958421,1.394917787E-7,,,,,,,,,,,,,,,,,,
,,,,0.052748063878,1.390554426E-7,,,,,,,,,,,,,,,,,,
,,,,0.052796307956,1.388121657E-7,,,,,,,,,,,,,,,,,,
,,,,0.05286381702,1.384663913E-7,,,,,,,,,,,,,,,,,,
,,,,0.052998835146,1.377552909E-7,,,,,,,,,,,,,,,,,,
,,,,0.053081048293,1.37308881E-7,,,,,,,,,,,,,,,,,,
,,,,0.053125721662,1.370618527E-7,,,,,,,,,,,,,,,,,,
,,,,0.053188104014,1.367114759E-7,,,,,,,,,,,,,,,,,,
,,,,0.053312868718,1.359909847E-7,,,,,,,,,,,,,,,,,,
,,,,0.053387627026,1.355460808E-7,,,,,,,,,,,,,,,,,,
,,,,0.053427586365,1.353040531E-7,,,,,,,,,,,,,,,,,,
,,,,0.053483294911,1.349615884E-7,,,,,,,,,,,,,,,,,,
,,,,0.053594712001,1.342584281E-7,,,,,,,,,,,,,,,,,,
,,,,0.053661254765,1.338264432E-7,,,,,,,,,,,,,,,,,,
,,,,0.053696504196,1.335938454E-7,,,,,,,,,,,,,,,,,,
,,,,0.053745471106,1.332663108E-7,,,,,,,,,,,,,,,,,,
,,,,0.053843404924,1.325954334E-7,,,,,,,,,,,,,,,,,,
,,,,0.053902925715,1.321771214E-7,,,,,,,,,,,,,,,,,,
,,,,0.053934702305,1.319504471E-7,,,,,,,,,,,,,,,,,,
,,,,0.053978476452,1.316343168E-7,,,,,,,,,,,,,,,,,,
,,,,0.054066024744,1.309883764E-7,,,,,,,,,,,,,,,,,,
,,,,0.054120209955,1.305793042E-7,,,,,,,,,,,,,,,,,,
,,,,0.05414946196,1.303554755E-7,,,,,,,,,,,,,,,,,,
,,,,0.054189619312,1.30044761E-7,,,,,,,,,,,,,,,,,,
,,,,0.054269934016,1.294112983E-7,,,,,,,,,,,,,,,,,,
,,,,0.054320424667,1.290047966E-7,,,,,,,,,,,,,,,,,,
,,,,0.054347974682,1.287802879E-7,,,,,,,,,,,,,,,,,,
,,,,0.054385777256,1.284691202E-7,,,,,,,,,,,,,,,,,,
,,,,0.054461382404,1.278359948E-7,,,,,,,,,,,,,,,,,,
,,,,0.05450953435,1.274252809E-7,,,,,,,,,,,,,,,,,,
,,,,0.054536054601,1.271965974E-7,,,,,,,,,,,,,,,,,,
,,,,0.054572467327,1.268797564E-7,,,,,,,,,,,,,,,,,,
,,,,0.05464529278,1.262362311E-7,,,,,,,,,,,,,,,,,,
,,,,0.054692149281,1.258153071E-7,,,,,,,,,,,,,,,,,,
,,,,0.054718150172,1.255794363E-7,,,,,,,,,,,,,,,,,,
,,,,0.05475388834,1.2525258E-7,,,,,,,,,,,,,,,,,,
,,,,0.054825364677,1.245897698E-7,,,,,,,,,,,,,,,,,,
,,,,0.054871680714,1.24153898E-7,,,,,,,,,,,,,,,,,,
,,,,0.054897515939,1.239086234E-7,,,,,,,,,,,,,,,,,,
,,,,0.054933072225,1.23568581E-7,,,,,,,,,,,,,,,,,,
,,,,0.055004184797,1.228800337E-7,,,,,,,,,,,,,,,,,,
,,,,0.055050462516,1.224260145E-7,,,,,,,,,,,,,,,,,,
,,,,0.055076350505,1.221700349E-7,,,,,,,,,,,,,,,,,,
,,,,0.055112025689,1.218149687E-7,,,,,,,,,,,,,,,,,,
,,,,0.055183376055,1.210969724E-7,,,,,,,,,,,,,,,,,,
,,,,0.055229929682,1.206229957E-7,,,,,,,,,,,,,,,,,,
,,,,0.055256004607,1.203556655E-7,,,,,,,,,,,,,,,,,,
,,,,0.055291975083,1.199847416E-7,,,,,,,,,,,,,,,,,,
,,,,0.055363916036,1.192356363E-7,,,,,,,,,,,,,,,,,,
,,,,0.055462462512,1.181944264E-7,,,,,,,,,,,,,,,,,,
,,,,0.055659555465,1.160638622E-7,,,,,,,,,,,,,,,,,,
,,,,0.056053741371,1.116439601E-7,,,,,,,,,,,,,,,,,,
,,,,0.056842113183,1.024943968E-7,,,,,,,,,,,,,,,,,,
,,,,0.057493665141,9.502535343E-8,,,,,,,,,,,,,,,,,,
,,,,0.058796769056,8.063882193E-8,,,,,,,,,,,,,,,,,,
,,,,0.05944893572,7.304818622E-8,,,,,,,,,,,,,,,,,,
,,,,0.059800829248,6.845942417E-8,,,,,,,,,,,,,,,,,,
,,,,0.06,6.562516993E-8,,,,,,,,,,,,,,,,,,
