,CW10,,Cw11,,CW12,,CW13,,,,,,
-1,1.209727634E-17,-5,5.943343814E-14,-5,6.048638168E-18,-5,1.910691309E-17,,,,,,
-0.95,2.34596714E-18,-4.975,6.091035164E-18,-4.975,7.080298416E-18,-4.975,2.215949684E-17,,,,,,
-0.9,2.761327688E-14,-4.95,8.309139675E-9,-4.95,7.47517524E-9,-4.95,9.97491575E-10,,,,,,
-0.85,2.755055759E-14,-4.925,8.325176467E-9,-4.925,7.528229955E-9,-4.925,1.006574342E-9,,,,,,
-0.8,2.826401425E-14,-4.9,8.357318275E-9,-4.9,7.552544644E-9,-4.9,1.005166005E-9,,,,,,
-0.75,2.793928152E-14,-4.875,8.381477069E-9,-4.875,7.570849781E-9,-4.875,1.002673944E-9,,,,,,
-0.7,2.764843812E-14,-4.85,8.405699292E-9,-4.85,7.589277391E-9,-4.85,1.00021114E-9,,,,,,
-0.65,2.732794509E-14,-4.825,8.429934667E-9,-4.825,7.607801554E-9,-4.825,9.977807483E-10,,,,,,
-0.6,2.704798359E-14,-4.8,8.454180221E-9,-4.8,7.626428143E-9,-4.8,9.953846036E-10,,,,,,
-0.55,2.668136263E-14,-4.775,8.478437736E-9,-4.775,7.645156127E-9,-4.775,9.930231821E-10,,,,,,
-0.5,2.634933762E-14,-4.75,8.502719545E-9,-4.75,7.663983757E-9,-4.75,9.906967221E-10,,,,,,
-0.45,2.599775346E-14,-4.725,8.527039379E-9,-4.725,7.682909045E-9,-4.725,9.884050884E-10,,,,,,
-0.4,2.563607882E-14,-4.7,8.551402365E-9,-4.7,7.70193034E-9,-4.7,9.861478806E-10,,,,,,
-0.35,2.524223898E-14,-4.675,8.575800052E-9,-4.675,7.721046583E-9,-4.675,9.83924139E-10,,,,,,
-0.3,2.483271226E-14,-4.65,8.600214712E-9,-4.65,7.740257767E-9,-4.65,9.817326908E-10,,,,,,
-0.25,2.442321381E-14,-4.625,8.624630288E-9,-4.625,7.759564906E-9,-4.625,9.795722359E-10,,,,,,
-0.2,2.399305388E-14,-4.6,8.649042964E-9,-4.6,7.778970132E-9,-4.6,9.774413075E-10,,,,,,
-0.15,2.354211942E-14,-4.575,8.673463652E-9,-4.575,7.798476318E-9,-4.575,9.753386212E-10,,,,,,
-0.1,2.306933638E-14,-4.55,8.697910227E-9,-4.55,7.818086757E-9,-4.55,9.732631809E-10,,,,,,
-0.05,2.257625931E-14,-4.525,8.722394483E-9,-4.525,7.837804731E-9,-4.525,9.712143223E-10,,,,,,
-2.410929264E-16,2.206842809E-14,-4.5,8.746913277E-9,-4.5,7.857633032E-9,-4.5,9.69191877E-10,,,,,,
0.05,2.153566743E-14,-4.4875,3.281208562E-9,-4.475,7.87757361E-9,-4.475,9.67195993E-10,,,,,,
0.1,2.098809609E-14,-4.475,2.192024182E-9,-4.45,7.897627286E-9,-4.45,9.652271286E-10,,,,,,
0.15,2.042845575E-14,-4.45,6.595066444E-9,-4.425,7.917793733E-9,-4.425,9.632858073E-10,,,,,,
0.2,1.985383517E-14,-4.425,8.816234754E-9,-4.4,7.938071555E-9,-4.4,9.613723315E-10,,,,,,
0.25,1.926044701E-14,-4.4,8.84291627E-9,-4.375,7.958458515E-9,-4.375,9.594865892E-10,,,,,,
0.3,1.86542839E-14,-4.375,8.869629893E-9,-4.35,7.978951875E-9,-4.35,9.576281804E-10,,,,,,
0.35,1.80356591E-14,-4.35,8.894235147E-9,-4.325,7.999548839E-9,-4.325,9.557955468E-10,,,,,,
0.4,1.74026325E-14,-4.325,8.918878171E-9,-4.3,8.020246845E-9,-4.3,9.539867552E-10,,,,,,
0.45,1.677167034E-14,-4.3,8.943540619E-9,-4.275,8.041043877E-9,-4.275,9.521993154E-10,,,,,,
0.5,1.612154136E-14,-4.275,8.968212439E-9,-4.25,8.061938581E-9,-4.25,9.504306842E-10,,,,,,
0.55,1.548106618E-14,-4.25,8.992894962E-9,-4.225,8.082930404E-9,-4.225,9.486785803E-10,,,,,,
0.6,1.485884145E-14,-4.225,9.017603478E-9,-4.2,8.10401953E-9,-4.2,9.469415655E-10,,,,,,
0.65,1.430198369E-14,-4.2,9.042355821E-9,-4.175,8.125206856E-9,-4.175,9.452193046E-10,,,,,,
0.7,1.40624984E-14,-4.175,9.067159311E-9,-4.15,8.146493373E-9,-4.15,9.435122215E-10,,,,,,
0.75,1.515939132E-14,-4.15,9.092007272E-9,-4.125,8.167879919E-9,-4.125,9.418213287E-10,,,,,,
0.8,2.186862034E-14,-4.125,9.11688846E-9,-4.1,8.189366183E-9,-4.1,9.401472364E-10,,,,,,
0.85,5.206459709E-14,-4.1,9.141800799E-9,-4.075,8.210949928E-9,-4.075,9.384895259E-10,,,,,,
0.9,1.790254208E-13,-4.075,9.166756744E-9,-4.05,8.232626244E-9,-4.05,9.368460529E-10,,,,,,
0.95,6.956953882E-13,-4.05,9.191775514E-9,-4.025,8.25438749E-9,-4.025,9.352132992E-10,,,,,,
1,2.72402712E-12,-4.025,9.21686877E-9,-4,8.276223946E-9,-4,9.335867848E-10,,,,,,
1,2.714773867E-12,-4,9.242032912E-9,-3.975,8.298125423E-9,-3.975,9.319626484E-10,,,,,,
1.25,8.124844717E-10,-3.975,9.267254556E-9,-3.95,8.320083442E-9,-3.95,9.303386595E-10,,,,,,
1.5,1.750750872E-8,-3.95,9.29252355E-9,-3.925,8.342093232E-9,-3.925,9.287149903E-10,,,,,,
1.75,7.848076713E-8,-3.925,9.317841308E-9,-3.9,8.364154551E-9,-3.9,9.270939498E-10,,,,,,
2,1.864185636E-7,-3.9,9.343250845E-9,-3.875,8.386270807E-9,-3.875,9.254783009E-10,,,,,,
2.25,3.340365425E-7,-3.875,9.380021889E-9,-3.85,8.408446051E-9,-3.85,9.238695958E-10,,,,,,
2.5,5.143684613E-7,-3.85,9.393745917E-9,-3.825,8.430681069E-9,-3.825,9.222668027E-10,,,,,,
2.75,7.213948153E-7,-3.825,9.422726927E-9,-3.8,8.452970162E-9,-3.8,9.206658E-10,,,,,,
3,9.498811719E-7,-3.8,9.444695567E-9,-3.775,8.475300257E-9,-3.775,9.190611388E-10,,,,,,
3.25,1.195414834E-6,-3.775,9.470358414E-9,-3.75,8.497653445E-9,-3.75,9.174481158E-10,,,,,,
3.5,1.454531695E-6,-3.75,9.496299574E-9,-3.725,8.52001264E-9,-3.725,9.158251163E-10,,,,,,
3.75,1.724725689E-6,-3.725,9.522283247E-9,-3.7,8.542367634E-9,-3.7,9.141941286E-10,,,,,,
4,2.004291757E-6,-3.7,9.548353138E-9,-3.675,8.56471861E-9,-3.675,9.125593248E-10,,,,,,
4.25,2.29209589E-6,-3.675,9.574488793E-9,-3.65,8.587074435E-9,-3.65,9.109241835E-10,,,,,,
4.5,2.587368061E-6,-3.65,9.600664648E-9,-3.625,8.609445862E-9,-3.625,9.092888362E-10,,,,,,
4.75,2.889554402E-6,-3.625,9.626875801E-9,-3.6,8.631836579E-9,-3.6,9.076494091E-10,,,,,,
5,3.198224201E-6,-3.6,9.653142748E-9,-3.575,8.654236973E-9,-3.575,9.059998802E-10,,,,,,
,,-3.575,9.6794975E-9,-3.55,8.676624673E-9,-3.55,9.043354543E-10,,,,,,
,,-3.55,9.70596141E-9,-3.525,8.698972823E-9,-3.525,9.026556186E-10,,,,,,
,,-3.525,9.732530469E-9,-3.5,8.721261845E-9,-3.5,9.009643583E-10,,,,,,
,,-3.5,9.759176377E-9,-3.475,8.743487712E-9,-3.475,8.992674852E-10,,,,,,
,,-3.475,9.785860152E-9,-3.4625,3.279706726E-9,-3.45,8.975688374E-10,,,,,,
,,-3.45,9.812549879E-9,-3.45,2.190651727E-9,-3.425,8.958676541E-10,,,,,,
,,-3.425,9.839235501E-9,-3.425,6.589054402E-9,-3.4,8.941593268E-10,,,,,,
,,-3.4,9.865934139E-9,-3.4,8.80585179E-9,-3.375,8.924389879E-10,,,,,,
,,-3.375,9.892679427E-9,-3.375,8.829936999E-9,-3.35,8.907055748E-10,,,,,,
,,-3.35,9.919494179E-9,-3.35,8.853955634E-9,-3.325,8.889630104E-10,,,,,,
,,-3.325,9.946362357E-9,-3.325,8.875849146E-9,-3.3,8.872177197E-10,,,,,,
,,-3.3,9.97322634E-9,-3.3,8.897635113E-9,-3.275,8.854744943E-10,,,,,,
,,-3.275,1.000002234E-8,-3.275,8.919319332E-9,-3.25,8.837332219E-10,,,,,,
,,-3.25,1.002673116E-8,-3.25,8.940925232E-9,-3.225,8.819898095E-10,,,,,,
,,-3.225,1.00533955E-8,-3.225,8.962467663E-9,-3.2,8.802402528E-10,,,,,,
,,-3.2,1.008007856E-8,-3.2,8.983940626E-9,-3.175,8.784843075E-10,,,,,,
,,-3.175,1.010679509E-8,-3.175,9.00531907E-9,-3.15,8.767263358E-10,,,,,,
,,-3.15,1.013348346E-8,-3.15,9.026575624E-9,-3.125,8.749719571E-10,,,,,,
,,-3.125,1.016005368E-8,-3.125,9.047700143E-9,-3.1,8.732236801E-10,,,,,,
,,-3.1,1.018646781E-8,-3.1,9.068706082E-9,-3.075,8.714794853E-10,,,,,,
,,-3.075,1.021276748E-8,-3.075,9.089617895E-9,-3.05,8.697353855E-10,,,,,,
,,-3.05,1.023901365E-8,-3.05,9.110449335E-9,-3.025,8.679902248E-10,,,,,,
,,-3.025,1.026520445E-8,-3.025,9.131190249E-9,-3,8.662479644E-10,,,,,,
,,-3,1.029126734E-8,-3,9.151813563E-9,-2.975,8.645158775E-10,,,,,,
,,-2.975,1.03171441E-8,-2.975,9.172296137E-9,-2.95,8.627997508E-10,,,,,,
,,-2.95,1.034286553E-8,-2.95,9.192635576E-9,-2.925,8.611004941E-10,,,,,,
,,-2.925,1.036851707E-8,-2.925,9.212848018E-9,-2.9,8.594148912E-10,,,,,,
,,-2.9,1.039412597E-8,-2.9,9.232949127E-9,-2.875,8.577394783E-10,,,,,,
,,-2.875,1.041961113E-8,-2.875,9.252936793E-9,-2.85,8.560734226E-10,,,,,,
,,-2.85,1.044486826E-8,-2.85,9.272792488E-9,-2.825,8.544200286E-10,,,,,,
,,-2.825,1.046988762E-8,-2.825,9.292500557E-9,-2.8,8.551483566E-10,,,,,,
,,-2.8,1.049475573E-8,-2.8,9.312066663E-9,-2.775,8.52628084E-10,,,,,,
,,-2.775,1.051954008E-8,-2.775,9.331515651E-9,-2.75,8.500864582E-10,,,,,,
,,-2.75,1.054422281E-8,-2.75,9.350869106E-9,-2.725,8.476525285E-10,,,,,,
,,-2.725,1.056876234E-8,-2.725,9.370122282E-9,-2.7,8.460917723E-10,,,,,,
,,-2.7,1.059316065E-8,-2.7,9.38924287E-9,-2.675,8.44564934E-10,,,,,,
,,-2.675,1.061742378E-8,-2.675,9.408193108E-9,-2.65,8.430466552E-10,,,,,,
,,-2.65,1.064149303E-8,-2.65,9.426955488E-9,-2.625,8.415491286E-10,,,,,,
,,-2.625,1.066530732E-8,-2.625,9.445553041E-9,-2.6,8.400645706E-10,,,,,,
,,-2.6,1.068892214E-8,-2.6,9.468988796E-9,-2.575,8.385859936E-10,,,,,,
,,-2.575,1.07124499E-8,-2.575,9.491812785E-9,-2.55,8.371149961E-10,,,,,,
,,-2.55,1.073589462E-8,-2.55,9.504705858E-9,-2.525,8.356617435E-10,,,,,,
,,-2.525,1.075911681E-8,-2.525,9.517243729E-9,-2.5,8.342380203E-10,,,,,,
,,-2.5,1.078202707E-8,-2.5,9.535197322E-9,-2.475,8.32847051E-10,,,,,,
,,-2.475,1.080477424E-8,-2.475,9.553039511E-9,-2.45,8.314818886E-10,,,,,,
,,-2.45,1.084836477E-8,-2.45,9.570558636E-9,-2.425,8.301289616E-10,,,,,,
,,-2.425,1.084851572E-8,-2.425,9.587837128E-9,-2.4,8.287787096E-10,,,,,,
,,-2.4,1.086979485E-8,-2.4,9.604879643E-9,-2.375,8.274317354E-10,,,,,,
,,-2.375,1.089211354E-8,-2.375,9.621711139E-9,-2.35,8.260976912E-10,,,,,,
,,-2.35,1.091370248E-8,-2.35,9.638371666E-9,-2.325,8.247867955E-10,,,,,,
,,-2.325,1.093515558E-8,-2.325,9.65487572E-9,-2.3,8.235007581E-10,,,,,,
,,-2.3,1.095648565E-8,-2.3,9.671180556E-9,-2.275,8.222302143E-10,,,,,,
,,-2.275,1.097749302E-8,-2.275,9.687201614E-9,-2.25,8.20961957E-10,,,,,,
,,-2.25,1.099809984E-8,-2.25,9.702875043E-9,-2.225,8.196911844E-10,,,,,,
,,-2.225,1.101840777E-8,-2.225,9.718210752E-9,-2.2,8.184277732E-10,,,,,,
,,-2.2,1.103849634E-8,-2.2,9.733277032E-9,-2.175,8.171880156E-10,,,,,,
,,-2.175,1.105830914E-8,-2.175,9.748121713E-9,-2.15,8.159777561E-10,,,,,,
,,-2.15,1.107785904E-8,-2.15,9.762708562E-9,-2.125,8.147836664E-10,,,,,,
,,-2.125,1.109697382E-8,-2.125,9.776941139E-9,-2.1,8.135851719E-10,,,,,,
,,-2.1,1.111581816E-8,-2.1,9.790757948E-9,-2.075,8.123760014E-10,,,,,,
,,-2.075,1.113431727E-8,-2.075,9.80419767E-9,-2.05,8.111710964E-10,,,,,,
,,-2.05,1.115251572E-8,-2.05,9.817353133E-9,-2.025,8.099889791E-10,,,,,,
,,-2.025,1.117044541E-8,-2.025,9.830256907E-9,-2,8.088309205E-10,,,,,,
,,-2,1.118793702E-8,-2,9.842822805E-9,-1.975,8.076831285E-10,,,,,,
,,-1.975,1.120491776E-8,-1.975,9.854922727E-9,-1.95,8.065391249E-10,,,,,,
,,-1.95,1.122164813E-8,-1.95,9.866520799E-9,-1.925,8.054083916E-10,,,,,,
,,-1.925,1.123818333E-8,-1.925,9.877704277E-9,-1.9,8.042991025E-10,,,,,,
,,-1.9,1.125421608E-8,-1.9,9.888574738E-9,-1.875,8.032010432E-10,,,,,,
,,-1.875,1.126970955E-8,-1.875,9.899125394E-9,-1.85,8.0210097E-10,,,,,,
,,-1.85,1.130632008E-8,-1.85,9.909264697E-9,-1.825,8.01009351E-10,,,,,,
,,-1.825,1.129799721E-8,-1.825,9.918941458E-9,-1.8,7.999544671E-10,,,,,,
,,-1.8,1.131141643E-8,-1.8,9.928188855E-9,-1.775,7.989441891E-10,,,,,,
,,-1.775,1.132588325E-8,-1.775,9.937034128E-9,-1.75,7.979515167E-10,,,,,,
,,-1.75,1.133939152E-8,-1.75,9.945438228E-9,-1.725,7.969492969E-10,,,,,,
,,-1.725,1.135234825E-8,-1.725,9.953384757E-9,-1.7,7.959470704E-10,,,,,,
,,-1.7,1.136482151E-8,-1.7,9.960964067E-9,-1.675,7.94975376E-10,,,,,,
,,-1.675,1.137680596E-8,-1.675,9.968258645E-9,-1.65,7.940464643E-10,,,,,,
,,-1.65,1.138808323E-8,-1.65,9.975174208E-9,-1.625,7.931478586E-10,,,,,,
,,-1.625,1.139882401E-8,-1.625,9.981524568E-9,-1.6,7.922682749E-10,,,,,,
,,-1.6,1.140894383E-8,-1.6,9.987301687E-9,-1.575,7.922042948E-10,,,,,,
,,-1.575,1.141830737E-8,-1.575,9.992703782E-9,-1.55,7.942327182E-10,,,,,,
,,-1.55,1.1426766E-8,-1.55,9.997860986E-9,-1.525,7.894609669E-10,,,,,,
,,-1.525,1.145162835E-8,-1.525,1.000266259E-8,-1.5,7.885234767E-10,,,,,,
,,-1.5,1.143919812E-8,-1.5,1.000696779E-8,-1.475,7.878365324E-10,,,,,,
,,-1.475,1.144389069E-8,-1.475,1.001089161E-8,-1.45,7.870788298E-10,,,,,,
,,-1.45,1.144881916E-8,-1.45,1.003954621E-8,-1.425,7.863550042E-10,,,,,,
,,-1.425,1.145196824E-8,-1.425,1.001598598E-8,-1.4,7.856662365E-10,,,,,,
,,-1.4,1.145379328E-8,-1.4,1.001751378E-8,-1.375,7.849788108E-10,,,,,,
,,-1.375,1.147970485E-8,-1.375,1.002036001E-8,-1.35,7.842844216E-10,,,,,,
,,-1.35,1.145662778E-8,-1.35,1.00222885E-8,-1.325,7.836166113E-10,,,,,,
,,-1.325,1.14488295E-8,-1.325,1.002389709E-8,-1.3,7.829860972E-10,,,,,,
,,-1.3,1.14356191E-8,-1.3,1.002501074E-8,-1.275,7.823704245E-10,,,,,,
,,-1.275,1.143800117E-8,-1.275,1.002548934E-8,-1.25,7.817505258E-10,,,,,,
,,-1.25,1.142948107E-8,-1.25,1.002554932E-8,-1.225,7.811539651E-10,,,,,,
,,-1.225,1.136777544E-8,-1.225,1.002535127E-8,-1.2,7.805915642E-10,,,,,,
,,-1.2,1.161603187E-8,-1.2,1.002471745E-8,-1.175,7.800306492E-10,,,,,,
,,-1.175,1.157311907E-8,-1.175,1.00235315E-8,-1.15,7.794600059E-10,,,,,,
,,-1.15,1.153214155E-8,-1.15,1.002197173E-8,-1.125,7.789080725E-10,,,,,,
,,-1.125,1.15404839E-8,-1.125,1.00201066E-8,-1.1,3.436983183E-17,,,,,,
,,-1.1,2.44868093E-15,-1.1,1.001771665E-8,-1.075,3.39175972E-17,,,,,,
,,-1.075,2.484463995E-15,-1.075,1.001477729E-8,-1.05,3.685712229E-17,,,,,,
,,-1.05,2.496561271E-15,-1.05,1.001153617E-8,-1.025,3.346536257E-17,,,,,,
,,-1.025,2.50679308E-15,-1.025,1.000792349E-8,-1,3.640488766E-17,,,,,,
,,-1,2.536527507E-15,-1,1.000378451E-8,-0.975,3.708323961E-17,,,,,,
,,-0.975,2.56405729E-15,-0.975,1.002370995E-8,-0.95,3.482206646E-17,,,,,,
,,-0.95,2.613237806E-15,-0.95,9.99195915E-9,-0.925,3.640488766E-17,,,,,,
,,-0.925,2.660665913E-15,-0.925,9.985219169E-9,-0.9,3.730935692E-17,,,,,,
,,-0.9,2.708941959E-15,-0.9,9.979719777E-9,-0.875,3.810076752E-17,,,,,,
,,-0.875,2.746194787E-15,-0.875,9.973050507E-9,-0.85,3.414371452E-17,,,,,,
,,-0.85,2.802215352E-15,-0.85,9.96604699E-9,-0.825,3.583959438E-17,,,,,,
,,-0.825,2.848965106E-15,-0.825,9.957893402E-9,-0.8,3.448289049E-17,,,,,,
,,-0.8,2.897693388E-15,-0.8,1.616173507E-15,-0.775,3.459594915E-17,,,,,,
,,-0.775,2.94806102E-15,-0.775,1.6167388E-15,-0.75,3.629182901E-17,,,,,,
,,-0.75,3.007982108E-15,-0.75,1.631436425E-15,-0.725,3.380453855E-17,,,,,,
,,-0.725,3.07429101E-15,-0.725,1.638106886E-15,-0.7,3.663100498E-17,,,,,,
,,-0.7,3.148118314E-15,-0.7,1.649751928E-15,-0.675,3.900523678E-17,,,,,,
,,-0.675,3.233647188E-15,-0.675,1.669254546E-15,-0.65,3.957053007E-17,,,,,,
,,-0.65,3.307304903E-15,-0.65,1.678694944E-15,-0.625,3.651794632E-17,,,,,,
,,-0.625,3.419967855E-15,-0.625,1.698536739E-15,-0.6,3.753547424E-17,,,,,,
,,-0.6,3.669714429E-15,-0.6,1.70684655E-15,-0.575,3.776159155E-17,,,,,,
,,-0.575,1.158851238E-17,-0.575,1.668237018E-15,-0.55,3.708323961E-17,,,,,,
,,-0.55,1.926802168E-15,-0.55,1.691357514E-15,-0.525,3.47090078E-17,,,,,,
,,-0.525,2.735228097E-15,-0.525,1.663940789E-15,-0.5,3.730935692E-17,,,,,,
,,-0.5,9.147121027E-9,-0.5,1.639859295E-15,-0.475,3.798770887E-17,,,,,,
,,-0.475,9.141923033E-16,-0.475,1.837825004E-15,-0.45,3.482206646E-17,,,,,,
,,-0.45,4.039698885E-15,-0.45,2.111370426E-15,-0.425,3.606571169E-17,,,,,,
,,-0.425,1.388473371E-15,-0.425,2.134264804E-15,-0.4,3.810076752E-17,,,,,,
,,-0.4,8.29210798E-9,-0.4,1.959702237E-15,-0.375,3.606571169E-17,,,,,,
,,-0.375,8.066326169E-9,-0.375,1.602719526E-15,-0.35,3.889217813E-17,,,,,,
,,-0.35,7.977712316E-9,-0.35,1.302209615E-15,-0.325,3.945747141E-17,,,,,,
,,-0.325,8.106154271E-9,-0.325,1.479146414E-15,-0.3,3.911829544E-17,,,,,,
,,-0.3,8.574226829E-9,-0.3,1.601136705E-15,-0.275,4.024888201E-17,,,,,,
,,-0.275,6.322070531E-15,-0.275,1.664675671E-15,-0.25,3.617877035E-17,,,,,,
,,-0.25,1.906960373E-15,-0.25,1.686552521E-15,-0.225,4.104029262E-17,,,,,,
,,-0.225,1.414081157E-15,-0.225,1.684291348E-15,-0.2,3.663100498E-17,,,,,,
,,-0.2,7.165697225E-9,-0.2,1.664166907E-15,-0.175,3.617877035E-17,,,,,,
,,-0.175,1.786948609E-15,-0.175,1.65461345E-15,-0.15,4.104029262E-17,,,,,,
,,-0.15,1.995202655E-15,-0.15,1.645512228E-15,-0.125,2.38553767E-17,,,,,,
,,-0.125,2.011200455E-15,-0.125,1.643590231E-15,-0.1,4.149252724E-17,,,,,,
,,-0.1,2.012104925E-15,-0.1,1.643137996E-15,-0.075,3.832688484E-17,,,,,,
,,-0.075,2.010465574E-15,-0.075,1.635732654E-15,-0.05,4.036194067E-17,,,,,,
,,-0.05,2.004529995E-15,-0.05,1.631379896E-15,-0.025,3.674406364E-17,,,,,,
,,-0.025,1.998877062E-15,-0.025,1.622843967E-15,-1.19685417E-14,3.866606081E-17,,,,,,
,,-1.19685417E-14,1.997746475E-15,-1.19685417E-14,1.623296202E-15,0.025,3.855300215E-17,,,,,,
,,0.025,1.989606252E-15,0.025,1.616851859E-15,0.05,4.08141753E-17,,,,,,
,,0.05,1.94008656E-15,0.05,1.594240127E-15,0.075,3.832688484E-17,,,,,,
,,0.075,1.929345988E-15,0.075,1.584969317E-15,0.1,3.685712229E-17,,,,,,
,,0.1,1.913630834E-15,0.1,1.578242327E-15,0.125,3.697018095E-17,,,,,,
,,0.125,1.905829787E-15,0.125,1.567106049E-15,0.15,3.651794632E-17,,,,,,
,,0.15,1.890171163E-15,0.15,1.561000882E-15,0.175,4.024888201E-17,,,,,,
,,0.175,1.873268894E-15,0.175,1.545398787E-15,0.2,3.742241558E-17,,,,,,
,,0.2,1.865298258E-15,0.2,1.544494318E-15,0.225,3.968358873E-17,,,,,,
,,0.225,1.848791694E-15,0.225,1.519338767E-15,0.25,3.968358873E-17,,,,,,
,,0.25,1.831663308E-15,0.25,1.496557447E-15,0.275,3.810076753E-17,,,,,,
,,0.275,1.806281639E-15,0.275,1.471514955E-15,0.3,3.877911947E-17,,,,,,
,,0.3,1.789096723E-15,0.3,1.454273509E-15,0.325,4.205782055E-17,,,,,,
,,0.325,1.778751856E-15,0.325,1.437993063E-15,0.35,3.764853294E-17,,,,,,
,,0.35,1.756253183E-15,0.35,1.428383077E-15,0.375,4.047499943E-17,,,,,,
,,0.375,1.731267221E-15,0.375,1.407354167E-15,0.4,3.91182957E-17,,,,,,
,,0.4,1.721205001E-15,0.4,1.395822185E-15,0.425,4.420593568E-17,,,,,,
,,0.425,1.704133146E-15,0.425,1.372758222E-15,0.45,3.990970772E-17,,,,,,
,,0.45,1.685082769E-15,0.45,1.360717481E-15,0.475,3.923135836E-17,,,,,,
,,0.475,1.666767284E-15,0.475,1.337483944E-15,0.5,4.251006596E-17,,,,,,
,,0.5,1.629853676E-15,0.5,1.327478294E-15,0.525,3.719632562E-17,,,,,,
,,0.525,1.601306474E-15,0.525,1.307975782E-15,0.55,4.024895133E-17,,,,,,
,,0.55,1.5728725E-15,0.55,1.294013306E-15,0.575,4.081435091E-17,,,,,,
,,0.575,1.540142724E-15,0.575,1.266145027E-15,0.6,2.577781871E-17,,,,,,
,,0.6,1.502665567E-15,0.6,1.253992945E-15,0.625,3.810189415E-17,,,,,,
,,0.625,1.473557494E-15,0.625,1.237151572E-15,0.65,3.979950024E-17,,,,,,
,,0.65,1.451239892E-15,0.65,1.218847129E-15,0.675,4.104751522E-17,,,,,,
,,0.675,1.428431133E-15,0.675,1.198354987E-15,0.7,3.744069728E-17,,,,,,
,,0.7,1.405723491E-15,0.7,1.181071382E-15,0.725,2.378858183E-17,,,,,,
,,0.725,1.381432848E-15,0.725,1.167288076E-15,0.75,4.37576884E-17,,,,,,
,,0.75,1.35137925E-15,0.75,1.128001968E-15,0.775,4.190163272E-17,,,,,,
,,0.775,1.326570783E-15,0.775,1.116092051E-15,0.8,4.201498253E-17,,,,,,
,,0.8,1.311617449E-15,0.8,1.106502642E-15,0.825,4.383695934E-17,,,,,,
,,0.825,1.313891294E-15,0.825,1.112654176E-15,0.85,5.656212915E-17,,,,,,
,,0.85,1.356276276E-15,0.85,1.152618705E-15,0.875,9.675754828E-17,,,,,,
,,0.875,1.511419249E-15,0.875,1.300508096E-15,0.9,2.000777209E-16,,,,,,
,,0.9,1.93839741E-15,0.9,1.700340022E-15,0.925,4.323950923E-16,,,,,,
,,0.925,3.033286403E-15,0.925,2.742864053E-15,0.95,1.069226727E-15,,,,,,
,,0.95,5.866112624E-15,0.95,5.399278905E-15,0.975,2.625072012E-15,,,,,,
,,0.975,1.302326337E-14,0.975,1.214871452E-14,1,6.586269737E-15,,,,,,
,,1,3.113859881E-14,1,2.918331832E-14,1.025,1.658933726E-14,,,,,,
,,1.025,7.676775062E-14,1.025,7.213848899E-14,1.05,4.178965634E-14,,,,,,
,,1.05,1.915950881E-13,1.05,1.801562514E-13,1.075,1.051066814E-13,,,,,,
,,1.075,4.797221187E-13,1.075,4.511318986E-13,1.1,2.640024069E-13,,,,,,
,,1.1,1.200189911E-12,1.1,1.128580161E-12,1.125,6.616966337E-13,,,,,,
,,1.125,2.991741319E-12,1.125,2.812984017E-12,1.15,1.652719942E-12,,,,,,
,,1.15,7.406003647E-12,1.15,6.963515802E-12,1.175,4.105228771E-12,,,,,,
,,1.175,1.811857539E-11,1.175,1.703914198E-11,1.2,1.010522802E-11,,,,,,
,,1.2,4.349871933E-11,1.2,4.092375795E-11,1.225,2.450991493E-11,,,,,,
,,1.225,1.014782439E-10,1.225,9.552504377E-11,1.25,5.81015046E-11,,,,,,
,,1.25,2.275248193E-10,1.25,2.142849888E-10,1.275,1.33126617E-10,,,,,,
,,1.275,4.854520921E-10,1.275,4.572267712E-10,1.3,2.91535833E-10,,,,,,
,,1.3,9.792866563E-10,1.3,9.217327067E-10,1.325,6.047090378E-10,,,,,,
,,1.325,1.863550166E-9,1.325,1.751335974E-9,1.35,1.18236145E-9,,,,,,
,,1.35,3.351279867E-9,1.35,3.142054459E-9,1.375,2.178576945E-9,,,,,,
,,1.375,5.716118954E-9,1.375,5.344511477E-9,1.4,3.795545084E-9,,,,,,
,,1.4,9.283388177E-9,1.4,8.656531334E-9,1.425,6.282331897E-9,,,,,,
,,1.425,1.441327571E-8,1.425,1.340856587E-8,1.45,9.925095124E-9,,,,,,
,,1.45,2.147417397E-8,1.45,1.994333798E-8,1.475,1.503276828E-8,,,,,,
,,1.475,3.080182342E-8,1.475,2.858439204E-8,1.5,2.191824741E-8,,,,,,
,,1.5,4.265661024E-8,1.5,3.95983486E-8,1.525,3.087045015E-8,,,,,,
,,1.525,5.719832638E-8,1.525,5.316687416E-8,1.55,4.21232918E-8,,,,,,
,,1.55,7.448481308E-8,1.55,6.937867404E-8,1.575,5.583396002E-8,,,,,,
,,1.575,9.448638079E-8,1.575,8.823836315E-8,1.6,7.207800692E-8,,,,,,
,,1.6,1.171069638E-7,1.6,1.096827705E-7,1.625,9.085739401E-8,,,,,,
,,1.625,1.422048646E-7,1.625,1.335996337E-7,1.65,1.121153115E-7,,,,,,
,,1.65,1.696120209E-7,1.65,1.5984477E-7,1.675,1.357512904E-7,,,,,,
,,1.675,1.991497939E-7,1.675,1.882572288E-7,1.7,1.616360931E-7,,,,,,
,,1.7,2.306391726E-7,1.7,2.186698997E-7,1.725,1.89624521E-7,,,,,,
,,1.725,2.639103914E-7,1.725,2.509198419E-7,1.75,2.195640417E-7,,,,,,
,,1.75,2.98805885E-7,1.75,2.848525419E-7,1.775,2.513044934E-7,,,,,,
,,1.775,3.351823775E-7,1.775,3.203250984E-7,1.8,2.847017466E-7,,,,,,
,,1.8,3.729110566E-7,1.8,3.572073263E-7,1.825,3.196210426E-7,,,,,,
,,1.825,4.118768608E-7,1.825,3.953817343E-7,1.85,3.559384136E-7,,,,,,
,,1.85,4.519773502E-7,1.85,4.347428774E-7,1.875,3.93541035E-7,,,,,,
,,1.875,4.931214416E-7,1.875,4.751964105E-7,1.9,4.323269245E-7,,,,,,
,,1.9,5.35228156E-7,1.9,5.166580402E-7,1.925,4.722042803E-7,,,,,,
,,1.925,5.78225448E-7,1.925,5.590524795E-7,1.95,5.130906526E-7,,,,,,
,,1.95,6.220491475E-7,1.95,6.023124622E-7,1.975,5.549120645E-7,,,,,,
,,1.975,6.666420167E-7,1.975,6.463778392E-7,2,5.976021486E-7,,,,,,
,,2,7.119529202E-7,2,6.911947658E-7,2.025,6.411013352E-7,,,,,,
,,2.025,7.579360966E-7,2.025,7.367149771E-7,2.05,6.853561076E-7,,,,,,
,,2.05,8.045505215E-7,2.05,7.82895146E-7,2.075,7.303183314E-7,,,,,,
,,2.075,8.517593504E-7,2.075,8.296963177E-7,2.1,7.759446545E-7,,,,,,
,,2.1,8.995294314E-7,2.1,8.770834103E-7,2.125,8.221959747E-7,,,,,,
,,2.125,9.478308788E-7,2.125,9.250247754E-7,2.15,8.690369695E-7,,,,,,
,,2.15,9.966366994E-7,2.15,9.734918119E-7,2.175,9.164356796E-7,,,,,,
,,2.175,1.045922465E-6,2.175,1.022458625E-6,2.2,9.643631428E-7,,,,,,
,,2.2,1.095666025E-6,2.2,1.071901727E-6,2.225,1.012793071E-6,,,,,,
,,2.225,1.145847255E-6,2.225,1.121799773E-6,2.25,1.061701562E-6,,,,,,
,,2.25,1.196447834E-6,2.25,1.17213333E-6,2.275,1.111066853E-6,,,,,,
,,2.275,1.24745105E-6,2.275,1.222884671E-6,2.3,1.160869092E-6,,,,,,
,,2.3,1.298841631E-6,2.3,1.274037595E-6,2.325,1.211090145E-6,,,,,,
,,2.325,1.350605592E-6,2.325,1.325577267E-6,2.35,1.261713417E-6,,,,,,
,,2.35,1.402730105E-6,2.35,1.377490083E-6,2.375,1.312723705E-6,,,,,,
,,2.375,1.45520338E-6,2.375,1.42976354E-6,2.4,1.364107054E-6,,,,,,
,,2.4,1.508014561E-6,2.4,1.482386128E-6,2.425,1.415850638E-6,,,,,,
,,2.425,1.56115364E-6,2.425,1.535347237E-6,2.45,1.467942654E-6,,,,,,
,,2.45,1.614611369E-6,2.45,1.588637066E-6,2.475,1.520372223E-6,,,,,,
,,2.475,1.668379196E-6,2.475,1.64224655E-6,2.5,1.573129303E-6,,,,,,
,,2.5,1.722449193E-6,2.5,1.696167293E-6,2.525,1.626204618E-6,,,,,,
,,2.525,1.776814006E-6,2.525,1.750391501E-6,2.55,1.679589584E-6,,,,,,
,,2.55,1.831466801E-6,2.55,1.804911937E-6,2.575,1.733276249E-6,,,,,,
,,2.575,1.886401216E-6,2.575,1.859721864E-6,2.6,1.787257241E-6,,,,,,
,,2.6,1.941611328E-6,2.6,1.914815009E-6,2.625,1.841525714E-6,,,,,,
,,2.625,1.997091607E-6,2.625,1.970185517E-6,2.65,1.896075306E-6,,,,,,
,,2.65,2.052836888E-6,2.65,2.025827921E-6,2.675,1.950900097E-6,,,,,,
,,2.675,2.108842341E-6,2.675,2.081737107E-6,2.7,2.005994574E-6,,,,,,
,,2.7,2.165103444E-6,2.7,2.137908285E-6,2.725,2.061353598E-6,,,,,,
,,2.725,2.221615955E-6,2.725,2.194336968E-6,2.75,2.116972373E-6,,,,,,
,,2.75,2.278375894E-6,2.75,2.25101894E-6,2.775,2.172846419E-6,,,,,,
,,2.775,2.335379522E-6,2.775,2.307950243E-6,2.8,2.228971549E-6,,,,,,
,,2.8,2.392623318E-6,2.8,2.365127149E-6,2.825,2.285360246E-6,,,,,,
,,2.825,2.45010397E-6,2.825,2.42254615E-6,2.85,2.341959631E-6,,,,,,
,,2.85,2.507836529E-6,2.85,2.480203936E-6,2.875,2.398830962E-6,,,,,,
,,2.875,2.565763515E-6,2.875,2.538097383E-6,2.9,2.455908129E-6,,,,,,
,,2.9,2.623953751E-6,2.9,2.596241836E-6,2.925,2.513252581E-6,,,,,,
,,2.925,2.682335187E-6,2.925,2.654579607E-6,2.95,2.570791962E-6,,,,,,
,,2.95,2.740974708E-6,2.95,2.713179813E-6,2.975,2.628594528E-6,,,,,,
,,2.975,2.799798429E-6,2.975,2.771971037E-6,3,2.68658896E-6,,,,,,
,,3,2.858877642E-6,3,2.831021269E-6,3.025,2.744841838E-6,,,,,,
,,3.025,2.918134765E-6,3.025,2.89025208E-6,3.05,2.803279457E-6,,,,,,
,,3.05,2.977644537E-6,3.05,2.949738884E-6,3.075,2.861973044E-6,,,,,,
,,3.075,3.037327511E-6,3.075,3.009405041E-6,3.1,2.92084594E-6,,,,,,
,,3.1,3.097260791E-6,3.1,3.069323141E-6,3.125,2.97997219E-6,,,,,,
,,3.125,3.157361539E-6,3.125,3.129413859E-6,3.15,3.039272747E-6,,,,,,
,,3.15,3.217710671E-6,3.15,3.189754815E-6,3.175,3.09891653E-6,,,,,,
,,3.175,3.278223062E-6,3.175,3.250263896E-6,3.2,3.158545815E-6,,,,,,
,,3.2,3.338982191E-6,3.2,3.311021163E-6,3.225,3.218592959E-6,,,,,,
,,3.225,3.399899464E-6,3.225,3.371941745E-6,3.25,3.278652461E-6,,,,,,
,,3.25,3.46106227E-6,3.25,3.433109103E-6,3.275,3.339113946E-6,,,,,,
,,3.275,3.522379143E-6,3.275,3.494435075E-6,3.3,3.399581191E-6,,,,,,
,,3.3,3.583941012E-6,3.3,3.556006648E-6,3.325,3.460435034E-6,,,,,,
,,3.325,3.645651382E-6,3.325,3.617732489E-6,3.35,3.521321542E-6,,,,,,
,,3.35,3.707605302E-6,3.35,3.679703483E-6,3.375,3.58257718E-6,,,,,,
,,3.375,3.769706231E-6,3.375,3.741823406E-6,3.4,3.643863934E-6,,,,,,
,,3.4,3.832070476E-6,3.4,3.804188024E-6,3.425,3.705504937E-6,,,,,,
,,3.425,3.894534415E-6,3.425,3.86669796E-6,3.45,3.767199556E-6,,,,,,
,,3.45,3.957273623E-6,3.45,3.929461093E-6,3.475,3.829232251E-6,,,,,,
,,3.475,4.020127241E-6,3.475,3.992346907E-6,3.5,3.891320253E-6,,,,,,
,,3.5,4.083240232E-6,3.5,4.05548564E-6,3.525,3.95373183E-6,,,,,,
,,3.525,4.14647653E-6,3.525,4.118761551E-6,3.55,4.01621844E-6,,,,,,
,,3.55,4.209957663E-6,3.55,4.182274548E-6,3.575,4.079013347E-6,,,,,,
,,3.575,4.273574547E-6,3.575,4.245933672E-6,3.6,4.141887018E-6,,,,,,
,,3.6,4.337421799E-6,3.6,4.309815356E-6,3.625,4.205054906E-6,,,,,,
,,3.625,4.401413946E-6,3.625,4.37385547E-6,3.65,4.268347071E-6,,,,,,
,,3.65,4.465622725E-6,3.65,4.438103746E-6,3.675,4.331819844E-6,,,,,,
,,3.675,4.529987723E-6,3.675,4.502519514E-6,3.7,4.395540272E-6,,,,,,
,,3.7,4.594555882E-6,3.7,4.567129802E-6,3.725,4.459412781E-6,,,,,,
,,3.725,4.659289165E-6,3.725,4.631918693E-6,3.75,4.523449983E-6,,,,,,
,,3.75,4.724212712E-6,3.75,4.696888783E-6,3.775,4.587723137E-6,,,,,,
,,3.775,4.789342243E-6,3.775,4.76204618E-6,3.8,4.652169809E-6,,,,,,
,,3.8,4.854591652E-6,3.8,4.827372053E-6,3.825,4.716757733E-6,,,,,,
,,3.825,4.920034E-6,3.825,4.892926473E-6,3.85,4.781572519E-6,,,,,,
,,3.85,4.985710506E-6,3.85,4.958588656E-6,3.875,4.846576817E-6,,,,,,
,,3.875,5.051496062E-6,3.875,5.024432974E-6,3.9,4.911724488E-6,,,,,,
,,3.9,5.117464352E-6,3.9,5.090534436E-6,3.925,4.977085385E-6,,,,,,
,,3.925,5.183681495E-6,3.925,5.156733755E-6,3.95,5.042652417E-6,,,,,,
,,3.95,5.249982458E-6,3.95,5.223105122E-6,3.975,5.108367721E-6,,,,,,
,,3.975,5.316458185E-6,3.975,5.289747454E-6,4,5.174266226E-6,,,,,,
,,4,5.383196549E-6,4,5.356461064E-6,4.025,5.240343427E-6,,,,,,
,,4.025,5.450031645E-6,4.025,5.423339018E-6,4.05,5.306600935E-6,,,,,,
,,4.05,5.517028286E-6,4.05,5.490502839E-6,4.075,5.373036166E-6,,,,,,
,,4.075,5.584295022E-6,4.075,5.557750916E-6,4.1,5.439648367E-6,,,,,,
,,4.1,5.651662517E-6,4.1,5.625150468E-6,4.125,5.506440046E-6,,,,,,
,,4.125,5.719202504E-6,4.125,5.692841482E-6,4.15,5.573408907E-6,,,,,,
,,4.15,5.786908311E-6,4.15,5.760622579E-6,4.175,5.640551646E-6,,,,,,
,,4.175,5.854783022E-6,4.175,5.828575782E-6,4.2,5.707871053E-6,,,,,,
,,4.2,5.922824907E-6,4.2,5.896694777E-6,4.225,5.775365426E-6,,,,,,
,,4.225,5.991035027E-6,4.225,5.964982639E-6,4.25,5.843035991E-6,,,,,,
,,4.25,6.05941002E-6,4.25,6.033435586E-6,4.275,5.910878158E-6,,,,,,
,,4.275,6.127953366E-6,4.275,6.102058005E-6,4.3,5.978894728E-6,,,,,,
,,4.3,6.196659882E-6,4.3,6.170845709E-6,4.325,6.047081761E-6,,,,,,
,,4.325,6.265531823E-6,4.325,6.239799902E-6,4.35,6.115442391E-6,,,,,,
,,4.35,6.334567341E-6,4.35,6.308920495E-6,4.375,6.183975006E-6,,,,,,
,,4.375,6.403765466E-6,4.375,6.378202997E-6,4.4,6.252676418E-6,,,,,,
,,4.4,6.473125527E-6,4.4,6.447649771E-6,4.425,6.321549435E-6,,,,,,
,,4.425,6.542647133E-6,4.425,6.517259057E-6,4.45,6.390592248E-6,,,,,,
,,4.45,6.612332096E-6,4.45,6.5870301E-6,4.475,6.459803893E-6,,,,,,
,,4.475,6.682176277E-6,4.475,6.656962438E-6,4.5,6.529181464E-6,,,,,,
,,4.5,6.752180048E-6,4.5,6.727055701E-6,4.525,6.598730255E-6,,,,,,
,,4.525,6.822342811E-6,4.525,6.79730945E-6,4.55,6.668444946E-6,,,,,,
,,4.55,6.892666065E-6,4.55,6.867723078E-6,4.575,6.738325809E-6,,,,,,
,,4.575,6.963145709E-6,4.575,6.938295809E-6,4.6,6.808372316E-6,,,,,,
,,4.6,7.033784317E-6,4.6,7.009026799E-6,4.625,6.878583922E-6,,,,,,
,,4.625,7.104577927E-6,4.625,7.079915257E-6,4.65,6.948962378E-6,,,,,,
,,4.65,7.175529174E-6,4.65,7.150962579E-6,4.675,7.01950338E-6,,,,,,
,,4.675,7.246636371E-6,4.675,7.222164572E-6,4.7,7.090207421E-6,,,,,,
,,4.7,7.317898637E-6,4.7,7.293521689E-6,4.725,7.16107622E-6,,,,,,
,,4.725,7.389313078E-6,4.725,7.365035694E-6,4.75,7.232105434E-6,,,,,,
,,4.75,7.460884606E-6,4.75,7.436704852E-6,4.775,7.30329779E-6,,,,,,
,,4.775,7.532605874E-6,4.775,7.508526123E-6,4.8,7.374649227E-6,,,,,,
,,4.8,7.604482862E-6,4.8,7.58050215E-6,4.825,7.446162577E-6,,,,,,
,,4.825,7.67651046E-6,4.825,7.652631207E-6,4.85,7.517836124E-6,,,,,,
,,4.85,7.748688915E-6,4.85,7.724912349E-6,4.875,7.589666696E-6,,,,,,
,,4.875,7.82101768E-6,4.875,7.797342694E-6,4.9,7.661657219E-6,,,,,,
,,4.9,7.89349837E-6,4.9,7.869927154E-6,4.925,7.733806024E-6,,,,,,
,,4.925,7.96612686E-6,4.925,7.942660659E-6,4.95,7.806112209E-6,,,,,,
,,4.95,8.03890584E-6,4.95,8.015543455E-6,4.975,7.878574984E-6,,,,,,
,,4.975,8.111831263E-6,4.975,8.088574987E-6,5,7.951193534E-6,,,,,,
,,5,8.184905761E-6,5,8.161756838E-6,,,,,,,,
